﻿<?xml version="1.0" encoding="UTF-8"?>
	<DbDetails>
		<SubDriver>MySQL</SubDriver>
		<Host>localhost</Host>
		<database>his</database>
		<!--sqlMode>NO_BACKSLASH_ESCAPES</sqlMode-->
		<characterset>utf8</characterset>
		<User>i3u</User>
		<password id="pass">i3u</password>
		<config>SELECT user_pass,layout,role_id,user_id AS operaid FROM users u JOIN user_role r ON r.role_id=u.user_role where user_name='%{UserName}';</config>
		<!--purview>SELECT `class` FROM xerp_role_permission rp JOIN user_role ur ON ur.role_code=rp.role_id JOIN xerp_user xu ON xu.xerp_user_id=ur.user_id WHERE username='%{UserName}';</purview-->
		</DbDetails>	
