﻿<Language name="cabinet">
<Lang name="cabinet" value="药柜"/>
<Lang name="cabinet_v" value="药柜"/>
<Lang name="TabEditcabinet" value="cabinet Edit"/>
<Lang name="TabViewcabinet" value="cabinet View"/>
<Lang name="cabinetname" value="柜名"/>
<Lang name="ttp_cabinetname" value="柜名"/>
<Lang name="layout_row" value="药柜行数"/>
<Lang name="ttp_layout_row" value="药柜行数"/>
<Lang name="layout_col" value="药柜列数"/>
<Lang name="ttp_layout_col" value="药柜列数"/>
<Lang name="layout_rowwidth" value="药格宽"/>
<Lang name="ttp_layout_rowwidth" value="药格宽"/>
<Lang name="layout_rowheight" value="药格高"/>
<Lang name="ttp_layout_rowheight" value="药格高"/>
<Lang name="status" value=""/>
<Lang name="ttp_status" value="状态"/>
<Lang name="cabinetid" value=""/>
<Lang name="ttp_cabinetid" value="序号"/>
<Lang name="uptime" value=""/>
<Lang name="ttp_uptime" value="更新时间"/>
<Lang name="opera" value=""/>
<Lang name="ttp_opera" value="操作员"/>
<Lang name="ttp_operationcabinet" value=""/>
<Lang name="ttp_createcabinet" value=""/>
<Lang name="ttp_modifycabinet" value=""/>
<Lang name="ttp_resetcabinet" value=""/>
<Lang name="ttp_deletecabinet" value=""/>
<Lang name="ttp_refreshcabinet" value=""/>
<Lang name="operation" value=""/>
<Lang name="create" value=""/>
<Lang name="modify" value=""/>
<Lang name="reset" value=""/>
<Lang name="delete" value=""/>
<Lang name="refresh" value=""/>
<Lang name="firstpage" value=""/>
<Lang name="prepage" value=""/>
<Lang name="nextpage" value=""/>
</Language>
