﻿<Language name="computers">
<Lang name="computers" value="电脑"/>
<Lang name="computers_v" value="电脑"/>
<Lang name="TabEditcomputers" value="computers Edit"/>
<Lang name="TabViewcomputers" value="computers View"/>
<Lang name="computer_name" value=""/>
<Lang name="ttp_computer_name" value="计算机名"/>
<Lang name="computer_mac" value=""/>
<Lang name="ttp_computer_mac" value="计算机mac"/>
<Lang name="computer_ip" value=""/>
<Lang name="ttp_computer_ip" value="计算机ip"/>
<Lang name="memo" value=""/>
<Lang name="ttp_memo" value="备注"/>
<Lang name="delemp" value=""/>
<Lang name="ttp_delemp" value="删除人"/>
<Lang name="deltime" value=""/>
<Lang name="ttp_deltime" value="删除时间"/>
<Lang name="valid" value=""/>
<Lang name="ttp_valid" value="状态"/>
<Lang name="opera" value=""/>
<Lang name="ttp_opera" value="操作者"/>
<Lang name="uptime" value=""/>
<Lang name="ttp_uptime" value="添加时间"/>
<Lang name="computerid" value=""/>
<Lang name="ttp_computerid" value=""/>
<Lang name="dispensaryid" value=""/>
<Lang name="ttp_dispensaryid" value=""/>
<Lang name="ttp_operationcomputers" value=""/>
<Lang name="ttp_createcomputers" value=""/>
<Lang name="ttp_modifycomputers" value=""/>
<Lang name="ttp_resetcomputers" value=""/>
<Lang name="ttp_deletecomputers" value=""/>
<Lang name="ttp_refreshcomputers" value=""/>
<Lang name="operation" value=""/>
<Lang name="create" value=""/>
<Lang name="modify" value=""/>
<Lang name="reset" value=""/>
<Lang name="delete" value=""/>
<Lang name="refresh" value=""/>
<Lang name="firstpage" value=""/>
<Lang name="prepage" value=""/>
<Lang name="nextpage" value=""/>
</Language>
