<Language name="general">
<Lang name="bottleid" value="药瓶"/>
<Lang name="ttp_bottleid" value=""/>
<Lang name="medicineid" value="药品"/>
<Lang name="ttp_medicineid" value=""/>
<Lang name="opera" value="操作者"/>
<Lang name="ttp_opera" value="操作者"/>
<Lang name="uptime" value="更新时间"/>
<Lang name="weight_cur" value="当前重量"/>
<Lang name="ttp_weight_cur" value="当前重量"/>
<Lang name="uses_flag" value="使用状态"/>
<Lang name="ttp_uses_flag" value="使用状态"/>
<Lang name="bottleno" value="瓶号"/>
<Lang name="ttp_bottleno" value="瓶号"/>
<Lang name="medicineno" value="药码"/>
<Lang name="ttp_medicineno" value="药码"/>
<Lang name="dispensary" value="药房"/>
<Lang name="dispensaryid" value="药房"/>
<Lang name="instock" value="入库"/>
<Lang name="upcabinet" value="上柜"/>
<Lang name="issue" value="发药"/>
<Lang name="prepare" value="准备发药"/>
<Lang name="cabinet_pick" value="取药"/>
<Lang name="equipment_weight1" value="上机称重"/>
<Lang name="equipment_pos" value="上机"/>
<Lang name="equipment_issue" value="上机发药"/>
<Lang name="equipment_weight2" value="下机称重"/>
<Lang name="cabinet_back" value="回柜"/>
<Lang name="statusname" value="状态"/>
<Lang name="ind_shangdai" value="上袋指令"/>
<Lang name="return_finish" value="检测完成状态"/>
<Lang name="statusname" value="状态"/>
<Lang name="ind_shangdai" value="上袋指令"/>
<Lang name="ind_startstop" value="启动/停止"/>
<Lang name="return_finish" value="检测完成状态"/>
<Lang name="ind_fengdai" value="封袋指令"/>
<Lang name="light" value="亮灯指示"/>
<Lang name="check" value="核验"/>
<Lang name="icon_bottle_loc_cabinet_V" value="fas fa-braille"/>
<Lang name="icon_medication_v" value="fas fa-book-medical"/>
<Lang name="icon_bottle_transaction_v" value="fas fa-prescription-bottle"/>
<Lang name="icon_medi_trans_v" value="fas fa-book-medical"/>
<Lang name="icon_bottle_info_v" value="fas fa-prescription-bottle-alt"/>
<Lang name="icon_medicine_info_v" value="fas fa-file-alt"/>
<Lang name="icon_hospital_v" value="fas fa-file-medical"/>
<Lang name="icon_dispensary_v" value="fas fa-clinic-medical"/>
<Lang name="icon_stockbaseinfo_v" value="fas fa-store"/>
<Lang name="icon_equipment_v" value="fab fa-creative-commons-remix"/>
<Lang name="icon_cabinet_v" value="far fa-building"/>
<Lang name="icon_users_v" value="fas fa-hospital-user"/>
<Lang name="icon_user_role_v" value="fas fa-user-cog"/>
<Lang name="icon_department_v" value="far fa-object-group"/>
<Lang name="icon_addone" 	value="fas fa-plus"/>
<Lang name="icon_reset" value="fas fa-eraser"/>
<Lang name="icon_search" value="fas fa-search"/>
<Lang name="icon_create" value="fas fa-save"/>lni-add-files fa-file-medical  
<Lang name="icon_modify" value="fas fa-edit"/>fa
<Lang name="icon_go2Page" value="fas fa-directions"/>
<Lang name="icon_initial" value="fab fa-first-order"/>
<Lang name="icon_firstpage" value="fas fa-step-backward"/>
<Lang name="icon_prepage" value="fas fa-angle-double-left"/>
<Lang name="icon_nextpage" value="fas fa-angle-double-right"/>
<Lang name="icon_endpage" value="fas fa-step-forward"/>
<Lang name="icon_delete" value="fas fa-times"/>
<Lang name="icon_light" value="far fa-lightbulb"/>
<Lang name="responsible" value="责任工程师"/>
<Lang name="accountname" value="客户"/>
<Lang name="imagename" value="图片"/>
<Lang name="projectmilestonename" value="项目阶段"/>
<Lang name="operation" value="操作"/>
<Lang name="create" value="新增"/>
<Lang name="modify" value="修改"/>
<Lang name="reset" value="复位"/>
<Lang name="delete" value="删除"/>
<Lang name="refresh" value="刷新"/>
<Lang name="firstpage" value="首页"/>
<Lang name="prepage" value="上页"/>
<Lang name="nextpage" value="下页"/>
<Lang name="operator" value="操作"/>
<Lang name="search" value="搜索"/>
<Lang name="initial" value="初始"/>
<Lang name="addone" value="添加"/>
<Lang name="ttp_addone" value="打开新建页面添加新项目"/>
<Lang name="records" value="记录数"/>
<Lang name="ttp_records" value="记录数"/>
<Lang name="ttp_pgs" value="总页数"/>
<Lang name="ttp_pgcur" value="当前页"/>
<Lang name="go2page" value="跳转"/>
<Lang name="created_by" value="创建人"/>
<Lang name="creation_date" value="创建时间"/>
<Lang name="last_update_by" value="修改人"/>
<Lang name="last_update_date" value="修改时间"/>
<Lang name="presence" value="显示"/>
<Lang name="locationmap" value="地图显示"/>
<Lang name="address" value="地址"/>
<Lang name="picklist_valueid" value="选取值"/>
<Lang name="sortorderid" value="显示顺序"/>
<Lang name="contact" value="联系人"/>
<Lang name="basic" value="基本"/>
<Lang name="phone" value="电话"/>
<Lang name="mobile" value="手机"/>
<Lang name="initiate" value="启动"/>
<Lang name="complete" value="完成"/>
<Lang name="completetask" value="任务完成"/>
<Lang name="archive" value="归档"/>
<Lang name="cancel" value="取消"/>
<Lang name="import" value="导入"/>
<Lang name="export" value="导出"/>
<Lang name="view" value="查看"/>
<Lang name="download" value="下载"/>
<Lang name="submit" value="提交"/>
<Lang name="approval_diagram" value="审批流图"/>
<Lang name="modify" value="修改"/>
<Lang name="save" value="保存"/>
<Lang name="sendfile" value="发送文件"/>
<Lang name="success" value="成功"/>
<Lang name="description" value="说明"/>
<Lang name="ttp_description" value=""/>
<Lang name="taskprogress" value="任务处理"/>
<Lang name="attachment2" value="任务跟踪"/>
<Lang name="attachments" value="附件"/>
<Lang name="SetResponsible" value="设置责任人"/>
</Language>
