﻿<Language name="medicine_info">
<Lang name="medicine_info" value="药品信息"/>
<Lang name="medicine_info_v" value="药品信息"/>
<Lang name="TabEditmedicine_info" value="medicine_info Edit"/>
<Lang name="TabViewmedicine_info" value="medicine_info View"/>
<Lang name="medicineno" value="药品编号"/>
<Lang name="ttp_medicineno" value="药品编号"/>
<Lang name="medicinecode" value="HIS药品编号"/>
<Lang name="ttp_medicinecode" value="HIS药品编号"/>
<Lang name="medicinenocn" value="药名中文"/>
<Lang name="ttp_medicinenocn" value="药名中文"/>
<Lang name="medicinenopy" value="药名拼音"/>
<Lang name="ttp_medicinenopy" value="药名拼音"/>
<Lang name="packno" value="包装码"/>
<Lang name="ttp_packno" value="包装码"/>
<Lang name="density" value="密度"/>
<Lang name="ttp_density" value=""/>
<Lang name="equivalent" value="当量"/>
<Lang name="ttp_equivalent" value=""/>
<Lang name="currentqty" value="当前数量"/>
<Lang name="ttp_currentqty" value="当前数量"/>
<Lang name="price" value="价格"/>
<Lang name="ttp_price" value="价格"/>
<Lang name="warningval_jiliang" value="剂量上限"/>
<Lang name="ttp_warningval_jiliang" value=""/>
<Lang name="warningval_stock" value="库存安全值"/>
<Lang name="ttp_warningval_stock" value="库存安全值"/>
<Lang name="warningval_cabinet" value="药柜安全值"/>
<Lang name="ttp_warningval_cabinet" value="药柜安全值"/>
<Lang name="warning_validdays" value="有效期报警值"/>
<Lang name="ttp_warning_validdays" value="有效期报警值"/>
<Lang name="publicqty" value=""/>
<Lang name="ttp_publicqty" value=""/>
<Lang name="ispoison" value="毒药"/>
<Lang name="ttp_ispoison" value="毒药"/>
<Lang name="isanesthetic" value="麻药"/>
<Lang name="ttp_isanesthetic" value="麻药"/>
<Lang name="medicineid" value=""/>
<Lang name="ttp_medicineid" value="SEQ"/>
<Lang name="opera" value=""/>
<Lang name="ttp_opera" value="操作员"/>
<Lang name="uptime" value=""/>
<Lang name="ttp_uptime" value="时间"/>
<Lang name="ttp_operationmedicine_info" value=""/>
<Lang name="ttp_createmedicine_info" value=""/>
<Lang name="ttp_modifymedicine_info" value=""/>
<Lang name="ttp_resetmedicine_info" value=""/>
<Lang name="ttp_deletemedicine_info" value=""/>
<Lang name="ttp_refreshmedicine_info" value=""/>
<Lang name="operation" value=""/>
<Lang name="create" value=""/>
<Lang name="modify" value=""/>
<Lang name="reset" value=""/>
<Lang name="delete" value=""/>
<Lang name="refresh" value=""/>
<Lang name="firstpage" value=""/>
<Lang name="prepage" value=""/>
<Lang name="nextpage" value=""/>
</Language>
