﻿<Language name="bottle_info">
<Lang name="bottle_info" value="药瓶信息"/>
<Lang name="bottle_info_v" value="药瓶信息"/>
<Lang name="TabEditbottle_info" value="bottle_info Edit"/>
<Lang name="TabViewbottle_info" value="bottle_info View"/>
<Lang name="bottleno" value="瓶号"/>
<Lang name="ttp_bottleno" value="瓶号"/>
<Lang name="medicineid" value=""/>
<Lang name="ttp_medicineid" value=""/>
<Lang name="medicineno" value="药码"/>
<Lang name="ttp_medicineno" value="药码"/>
<Lang name="uses_flag" value="使用状态"/>
<Lang name="ttp_uses_flag" value="使用状态"/>
<Lang name="weight_initial" value="初始重量"/>
<Lang name="ttp_weight_initial" value="初始重量"/>
<Lang name="weight_last" value=""/>
<Lang name="ttp_weight_last" value=""/>
<Lang name="weight_cur" value=""/>
<Lang name="ttp_weight_cur" value="当前重量"/>
<Lang name="weight_gross" value="毛重(标)"/>
<Lang name="ttp_weight_gross" value="毛重(标)"/>
<Lang name="weight_net" value="净重(标)"/>
<Lang name="ttp_weight_net" value="净重(标)"/>
<Lang name="remark" value="备注"/>
<Lang name="ttp_remark" value="备注"/>
<Lang name="opera" value=""/>
<Lang name="ttp_opera" value="操作者"/>
<Lang name="uptime" value=""/>
<Lang name="ttp_uptime" value="更新时间"/>
<Lang name="bottleid" value=""/>
<Lang name="ttp_bottleid" value=""/>
<Lang name="ttp_operationbottle_info" value=""/>
<Lang name="ttp_createbottle_info" value=""/>
<Lang name="ttp_modifybottle_info" value=""/>
<Lang name="ttp_resetbottle_info" value=""/>
<Lang name="ttp_deletebottle_info" value=""/>
<Lang name="ttp_refreshbottle_info" value=""/>
<Lang name="operation" value=""/>
<Lang name="create" value=""/>
<Lang name="modify" value=""/>
<Lang name="reset" value=""/>
<Lang name="delete" value=""/>
<Lang name="refresh" value=""/>
<Lang name="firstpage" value=""/>
<Lang name="prepage" value=""/>
<Lang name="nextpage" value=""/>
</Language>
