﻿<Language name="medication">
<Lang name="medication" value="处方发药"/>
<Lang name="medication_v" value="处方发药"/>
<Lang name="TabEditmedication" value="medication Edit"/>
<Lang name="TabViewmedication" value="medication View"/>
<Lang name="medication_no" value="处方号"/>
<Lang name="ttp_medication_no" value="处方号"/>
<Lang name="jici" value="剂次"/>
<Lang name="ttp_jici" value="剂次"/>
<Lang name="dispensaryid" value=""/>
<Lang name="ttp_dispensaryid" value=""/>
<Lang name="kebie_name" value="科别"/>
<Lang name="ttp_kebie_name" value="科别"/>
<Lang name="doctor_no" value="医生"/>
<Lang name="ttp_doctor_no" value="医生"/>
<Lang name="doctory_diagnosis" value="诊断"/>
<Lang name="ttp_doctory_diagnosis" value="诊断"/>
<Lang name="doctory_medicineprescript" value="药方"/>
<Lang name="ttp_doctory_medicineprescript" value="药方"/>
<Lang name="doctory_medicinefundesc" value="药效"/>
<Lang name="ttp_doctory_medicinefundesc" value="药效"/>
<Lang name="doctory_usemethod" value="使用方法"/>
<Lang name="ttp_doctory_usemethod" value="使用方法"/>
<Lang name="danji_price" value="单剂价格"/>
<Lang name="ttp_danji_price" value="单剂价格"/>
<Lang name="total_price" value="总价"/>
<Lang name="ttp_total_price" value="总价"/>
<Lang name="patient_name" value="姓名"/>
<Lang name="ttp_patient_name" value="姓名"/>
<Lang name="patient_sex" value="性别"/>
<Lang name="ttp_patient_sex" value="性别"/>
<Lang name="patient_age" value="年龄"/>
<Lang name="ttp_patient_age" value="年龄"/>
<Lang name="patient_phoneno" value="电话"/>
<Lang name="ttp_patient_phoneno" value="电话"/>
<Lang name="patient_fresh" value="是否首次"/>
<Lang name="ttp_patient_fresh" value="是否首次"/>
<Lang name="patient_address" value="地址"/>
<Lang name="ttp_patient_address" value="地址"/>
<Lang name="patient_fallill_time" value="生病时间"/>
<Lang name="ttp_patient_fallill_time" value="生病时间"/>
<Lang name="patient_intime" value="看病时间"/>
<Lang name="ttp_patient_intime" value="看病时间"/>
<Lang name="patient_allergy" value="过敏史"/>
<Lang name="ttp_patient_allergy" value="过敏史"/>
<Lang name="patient_historyilldes" value="病史"/>
<Lang name="ttp_patient_historyilldes" value="病史"/>
<Lang name="patient_illshow" value="病表现"/>
<Lang name="ttp_patient_illshow" value="病表现"/>
<Lang name="status" value="状态"/>
<Lang name="ttp_status" value="状态"/>
<Lang name="opera" value="操作人"/>
<Lang name="ttp_opera" value="操作人"/>
<Lang name="uptime" value="更新时间"/>
<Lang name="ttp_uptime" value="更新时间"/>
<Lang name="medicationid" value=""/>
<Lang name="ttp_medicationid" value=""/>
<Lang name="ttp_operationmedication" value=""/>
<Lang name="ttp_createmedication" value=""/>
<Lang name="ttp_modifymedication" value=""/>
<Lang name="ttp_resetmedication" value=""/>
<Lang name="ttp_deletemedication" value=""/>
<Lang name="ttp_refreshmedication" value=""/>
<Lang name="operation" value=""/>
<Lang name="create" value=""/>
<Lang name="modify" value=""/>
<Lang name="reset" value=""/>
<Lang name="delete" value=""/>
<Lang name="refresh" value=""/>
<Lang name="firstpage" value=""/>
<Lang name="prepage" value=""/>
<Lang name="nextpage" value=""/>
</Language>
