﻿<GroupBox cols="xs12 sm6 md4" Multiline="0" Name="GBPGbottle_info"><Ctrls>
<Label Align="Right" Text="Records" Name="lb_Records" Size="60,20"/>
<TextBox Weight="30" ToolTip="ttp_records" Name="records_bottle_info" Size="40,20" OnLoad="init" readonly="1">
	<DbDetails fcsm="1">
<Index>bottleid</Index>
<DbTable>his.bottle_info b left join his.medicine_info m on b.medicineid=m.medicineid left join his.status_option s on b.uses_flag=s.statuscode left join his.users u on b.opera=u.user_id</DbTable>
<Data>count(*) records</Data>
<Order>bottleid</Order><Queryformat>select %{data} from (select b.bottleid from %{dbtable} %{where} GROUP BY b.bottleid  ORDER BY b.bottleid) t</Queryformat></DbDetails>
<OnEnchange>
<assign name="pgs_bottle_info" expr="js(Math.ceil(%{records_bottle_info}/%{bottle_info_vLst[countsperpage]}))"/>
<assign name="pgscb_bottle_info" expr="js('1~'+Math.ceil(%{records_bottle_info}/%{bottle_info_vLst[countsperpage]}))" function="setitems"/>
</OnEnchange>
</TextBox>
<!--ComboBox Weight="60" ToolTip="ttp_pgs" Name="pgscb_bottle_info" Size="60,20"><OnSelEndOK><submit next="bottle_info_vLst" function="GetPage(%{pgscb_bottle_info}-1)"/></OnSelEndOK></ComboBox-->
<TextBox Weight="30" ToolTip="ttp_pgs" Name="pgs_bottle_info" Size="30,20" readonly="1"/>
<TextBox Weight="30" ToolTip="ttp_pgcur" Name="pgcur_bottle_info" Size="30,20"/>
<Button Text="go2Page" Name="go2pagebottle_info_vLst" Size="50,20"><OnClick><submit next="bottle_info_vLst" function="GetPage(%{pgcur_bottle_info}-1)"/></OnClick></Button>
</Ctrls></GroupBox>
