﻿<GroupBox Name="GBDVbottle_info" cols="xs12 sm12 md12 lg12"><Ctrls>
<ListCtrl Name="bottle_info_vLst" ToolTip="ttp_bottle_info_v" Size="700,450" OnLoad="init" Heading="bottleno,250;medicineid,100;medicineno,250;uses_flag,120;weight_initial,90;weight_last,90;weight_cur,90;weight_gross,90;weight_net,90;remark,250;opera,55;uptime,150;bottleid,100;" loadedclick="0">
	<DbDetails >
<Index>bottleid</Index>
<DbTable>his.bottle_info b left join his.medicine_info m on b.medicineid=m.medicineid left join his.status_option s on b.uses_flag=s.statuscode left join his.users u on b.opera=u.user_id</DbTable>
<Data>b.bottleno,m.medicinenocn medicineid,b.medicineno,s.statusname uses_flag,b.weight_initial,b.weight_last,b.weight_cur,b.weight_gross,b.weight_net,b.remark,u.user_name opera,b.uptime,b.bottleid</Data>
<Order>bottleid</Order></DbDetails>
<DbDetails><Data>b.bottleno,m.medicinenocn,b.medicineno,s.statusname,b.weight_initial,b.weight_last,b.weight_cur,b.weight_gross,b.weight_net,b.remark,u.user_name opera,b.uptime,b.uses_flag,b.medicineid,b.bottleid</Data><queryFormat xml:base="d:\Program Files (x86)\3UCS\3UCS Server\layout\biztools\mysqlcfg.xml" id="tbpages">select %{data} from %{dbtable} %{where} limit %{StartRow},%{PgSize}</queryFormat></DbDetails>
<xi:include xmlns:xi="http://www.w3.org/2001/XInclude" href="bottle_info_ops.xml"/>
<OnChanged>
<assign name="pgcur_bottle_info" expr="js(%{bottle_info_vLst[currentpage]}+1)"/>
<assign name="pgscb_bottle_info" expr="js(%{bottle_info_vLst[currentpage]}+1)" function="SetSel"/>
</OnChanged></ListCtrl>
</Ctrls></GroupBox>