﻿<WndTap Name="bottle_loc_cabinet_v" Text="bottle_loc_cabinet_v">
<WndTaps>
<xi:include xmlns:xi="http://www.w3.org/2001/XInclude" href="bottle_loc_cabinet_Ve.xml" popup="1"/>
</WndTaps>
<var name="searchtmpl"><bottleid format="b.bottleid='%{opvalue}'"/><bottleno format="(b.bottleno like '%%{opvalue}%')"/><medicineid format="(b.medicineid like '%%{opvalue}%')"/><medicineno format="(b.medicineno like '%%{opvalue}%')"/><cabinetid format="b.cabinetid='%{opvalue}'"/><cellid format="b.cellid='%{opvalue}'"/><locationid format="(b.locationid like '%%{opvalue}%')"/><opera format="b.opera='%{opvalue}'"/><uptime format="(b.uptime between '%{uptime[datetime]}' and '%{uptime[datetime2]}')"/></var>
<xi:include xmlns:xi="http://www.w3.org/2001/XInclude" href="lan\bottle_loc_cabinet.xml"/>
<Ctrls><GroupBox  Name="GBbottle_loc_cabinet" id="bottle_loc_cabinet" Text="bottle_loc_cabinet" Size="100,100"><Ctrls>
<xi:include xmlns:xi="http://www.w3.org/2001/XInclude" href="bottle_loc_cabinet_Vs.xml"/>
<BR AutoHeight="1"/><GroupBox  Name="GBOPVbottle_loc_cabinet" Size="100,20" cols="xs12 sm6 md4"><Ctrls>
<Button Text="addone" ToolTip="ttp_addone" Name="addone" Size="50,20">	<OnClick><submit next="$this.bottle_loc_cabinet.GBDEDITbottle_loc_cabinet" function="reset"/><assign name="$this.bottle_loc_cabinet.frmwndctrl" expr="%{$this.bottle_loc_cabinet_vLst}"/></OnClick>	</Button><TAB/>	
<Button Text="reset" ToolTip="ttp_resetbottle_loc_cabinet" Name="resetbottle_loc_cabinet" Size="50,20">	<OnClick>	<submit next="GBDEDITbottle_loc_cabinet" function="reset"/>	</OnClick>	</Button><TAB/>	
<Button Text="Search" ToolTip="ttp_gsearchbottle_loc_cabinet" Name="gsearchbottle_loc_cabinet" Size="50,20">	<OnClick>	
<search next="bottle_loc_cabinet_vLst" listed="0" prefixwhere="1" prefixand="0" inputed="1">%{searchtmpl}</search><submit next="GBDEDITbottle_loc_cabinet" namelist="search" function="search"/>	
<search next="records_bottle_loc_cabinet" listed="0" prefixwhere="1" prefixand="0"  inputed="1">%{searchtmpl}</search><submit next="GBDEDITbottle_loc_cabinet" namelist="search" function="search"/>	
</OnClick></Button><TAB/></Ctrls></GroupBox>
<xi:include xmlns:xi="http://www.w3.org/2001/XInclude" href="bottle_loc_cabinet_Vpg.xml"/>
<xi:include xmlns:xi="http://www.w3.org/2001/XInclude" href="bottle_loc_cabinet_Vpgop.xml"/>
<BR AutoHeight="1"/><xi:include xmlns:xi="http://www.w3.org/2001/XInclude" href="bottle_loc_cabinet_Vv.xml"/>
</Ctrls></GroupBox>
</Ctrls></WndTap>
