﻿<GroupBox cols="xs12 sm6 md4" Name="GBOPEbottle_loc_cabinet" Size="100,100"><Ctrls>
<Button sqlpkinsert="locationid" Text="create" ToolTip="ttp_createbottle_loc_cabinet" Name="insertbottle_loc_cabinet" Size="50,20">
<OnClick>
<DbDetails mode="insert" fcsm="1">
<DbTable>his.bottle_loc_cabinet</DbTable>
<Required>%{dataRequired}</Required>
<Requireless>%{dataRequireless}</Requireless>
<Data>bottleid[bottleid],bottleno,medicineid,medicineno,cabinetid[cabinetid],cellid[cellid]</Data>
<DataEx>opera,uptime;'%{operaid}',now()</DataEx>
<queryFormat>insert into %{table} %{data}</queryFormat></DbDetails>
<submit namelist="DbDetails"/><if cond="!%{insertbottle_loc_cabinet[broke]}"><if cond="%{refreshAfterEdit}==1"><submit next="bottle_loc_cabinetLst" delay="1000"/><elseif cond="%{refreshAfterEdit}==2"/><if cond="1"><if cond="'%{frmwndctrl}'"><submit next="%{frmwndctrl}" delay="1000"/><else/><submit next="$parent.bottle_loc_cabinet_vLst" delay="1000"/></if></if></if></if>
	</OnClick>
	</Button><TAB/>
<Button Text="modify" ToolTip="ttp_modifybottle_loc_cabinet" Name="modifybottle_loc_cabinet" Size="50,20">
<OnClick>
<DbDetails mode="update" fcsm="1">
<DbTable>his.bottle_loc_cabinet</DbTable>
<Required>%{dataRequired}</Required>
<Requireless>%{dataRequireless}</Requireless>
<Data>bottleid[bottleid],bottleno,medicineid,medicineno,cabinetid[cabinetid],cellid[cellid]</Data>
<DataEx>opera,uptime;'%{operaid}',now()</DataEx>
<Where>locationid='%{locationid}'</Where>
<queryFormat>update %{table} set %{data} where %{where}</queryFormat></DbDetails>
<submit namelist="DbDetails"/><if cond="!%{modifybottle_loc_cabinet[broke]}"><if cond="%{refreshAfterEdit}==1"><submit next="bottle_loc_cabinetLst" delay="1000"/><elseif cond="%{refreshAfterEdit}==2"/><if cond="'%{frmwndctrl}'"><submit next="%{frmwndctrl}" delay="1000"/><else/><submit next="$parent.bottle_loc_cabinet_vLst" delay="1000"/></if></if></if>
	</OnClick>
</Button><TAB/>
<Button Text="reset" ToolTip="ttp_resetbottle_loc_cabinet" Name="resetbottle_loc_cabinet" Size="50,20">
<OnClick>
<submit next="GBDEDITbottle_loc_cabinet" function="reset"/>
	</OnClick>
</Button><TAB/>
<Button Text="Search" ToolTip="ttp_gsearchbottle_loc_cabinet" Name="gsearchbottle_loc_cabinet" Size="50,20" visible="false">
<OnClick>
<search next="bottle_loc_cabinetLst" listed="0" prefixwhere="0" prefixand="0" inputed="1"/><submit next="GBDEDITbottle_loc_cabinet" namelist="search" function="search"/>
	</OnClick>
</Button><TAB/>
<Button Text="light" ToolTip="ttp_light_cabinet" Name="light_cabinet" Size="50,20">
<OnClick>
<DbDetails> <DbDatabase>mqtt</DbDatabase> <datatype>mqtt</datatype> <queryFormat>set devices/%{cabinetid[cabinetname]}/light/%{cellid[op_idx]}='%{cellid[op_code]}'</queryFormat> </DbDetails><submit namelist="DbDetails"/>	</OnClick>
</Button><TAB/>
</Ctrls></GroupBox>