﻿<?xml version="1.0" encoding="UTF-8"?><WndTap Text="cabinet_cell" Name="cabinet_cell" Ver="2">
<var name="refreshAfterEdit" expr="1"/>
<var name="dataRequired" expr="cabinetid"/>
<var name="dataRequireless" expr=""/>
<xi:include xmlns:xi="http://www.w3.org/2001/XInclude" href="lan\cabinet_cell.xml"/>
<Ctrls>
<GroupBox Text="cabinet_cell" Name="GBcabinet_cell" id="cabinet_cell" Size="100,100"><Ctrls>
<xi:include xmlns:xi="http://www.w3.org/2001/XInclude" href="cabinet_cell_GBDEDIT.xml"></xi:include><BR AutoHeight="1"/><xi:include xmlns:xi="http://www.w3.org/2001/XInclude" href="cabinet_cell_GBOPE.xml"></xi:include>
<TAB/><xi:include xmlns:xi="http://www.w3.org/2001/XInclude" href="cabinet_cell_GBOPV.xml"></xi:include>
<BR/><xi:include xmlns:xi="http://www.w3.org/2001/XInclude" href="cabinet_cell_GBDV.xml"></xi:include></Ctrls></GroupBox>
</Ctrls>
	<OnChanged/>
	<OnActivate/>
	</WndTap>