﻿<GroupBox cols="xs12 sm6 md4" Name="GBOPEcabinet" Size="100,100"><Ctrls>
<Button sqlpkinsert="cabinetid" Text="create" ToolTip="ttp_createcabinet" Name="insertcabinet" Size="50,20">
<OnClick>
<DbDetails mode="insert" fcsm="1">
<DbTable>his.cabinet</DbTable>
<Required>%{dataRequired}</Required>
<Requireless>%{dataRequireless}</Requireless>
<Data>cabinetname,layout_row,layout_col,layout_rowwidth,layout_rowheight,status</Data>
<DataEx>uptime,opera;now(),'%{operaid}'</DataEx>
<queryFormat>insert into %{table} %{data}</queryFormat></DbDetails>
<submit namelist="DbDetails"/><if cond="!%{insertcabinet[broke]}"><if cond="%{refreshAfterEdit}==1"><submit next="cabinetLst" delay="1000"/><elseif cond="%{refreshAfterEdit}==2"/><if cond="0"><if cond="'%{frmwndctrl}'"><submit next="%{frmwndctrl}" delay="1000"/><else/><submit next="$parent.cabinet_vLst" delay="1000"/></if></if></if></if>
	</OnClick>
	</Button><TAB/>
<Button Text="modify" ToolTip="ttp_modifycabinet" Name="modifycabinet" Size="50,20">
<OnClick>
<DbDetails mode="update" fcsm="1">
<DbTable>his.cabinet</DbTable>
<Required>%{dataRequired}</Required>
<Requireless>%{dataRequireless}</Requireless>
<Data>cabinetname,layout_row,layout_col,layout_rowwidth,layout_rowheight,status</Data>
<DataEx>uptime,opera;now(),'%{operaid}'</DataEx>
<Where>cabinetid='%{cabinetid}'</Where>
<queryFormat>update %{table} set %{data} where %{where}</queryFormat></DbDetails>
<submit namelist="DbDetails"/><if cond="!%{modifycabinet[broke]}"><if cond="%{refreshAfterEdit}==1"><submit next="cabinetLst" delay="1000"/><elseif cond="%{refreshAfterEdit}==2"/><if cond="'%{frmwndctrl}'"><submit next="%{frmwndctrl}" delay="1000"/><else/><submit next="$parent.cabinet_vLst" delay="1000"/></if></if></if>
	</OnClick>
</Button><TAB/>
<Button Text="reset" ToolTip="ttp_resetcabinet" Name="resetcabinet" Size="50,20">
<OnClick>
<submit next="GBDEDITcabinet" function="reset"/>
	</OnClick>
</Button><TAB/>
<Button Text="Search" ToolTip="ttp_gsearchcabinet" Name="gsearchcabinet" Size="50,20" visible="false">
<OnClick>
<search next="cabinetLst" listed="0" prefixwhere="0" prefixand="0" inputed="1"/><submit next="GBDEDITcabinet" namelist="search" function="search"/>
	</OnClick>
</Button><TAB/>
</Ctrls></GroupBox>