﻿<GroupBox cols="xs12 sm6 md4" Name="GBOPVdepartment"><Ctrls>
<TAB/><Button Text="initial" ToolTip="ttp_initial" Name="initialdepartment" Size="50,20">
<OnClick><submit next="department_vLst" function="initial"/><submit next="records_department" function="initial"/></OnClick></Button>
<TAB/><Button Text="firstpage" Name="FPdepartment_vLst" Size="50,20">
<OnClick><submit next="department_vLst" function="GetPage(first)"/><submit next="records_department"/></OnClick></Button>
<Button Text="prepage" Name="PREdepartment_vLst" Size="50,20">
<OnClick><submit next="department_vLst" function="GetPage(Pre)"/></OnClick></Button>
<Button Text="nextpage" Name="NPdepartment_vLst" Size="50,20">
<OnClick><submit next="department_vLst" function="GetPage(Next)"/></OnClick></Button>
</Ctrls></GroupBox>
