﻿<?xml version="1.0" encoding="UTF-8" standalone="no"?><WndTap Text="dispensary" Name="dispensary" Ver="2">
<var name="refreshAfterEdit" expr="1"/>
<var name="dataRequired" expr="hospitalid"/>
<var name="dataRequireless" expr=""/>
<xi:include xmlns:xi="http://www.w3.org/2001/XInclude" href="lan\dispensary.xml"/>
<Ctrls>
<GroupBox Text="dispensary" Name="GBdispensary" id="dispensary" Size="100,100"><Ctrls>
<xi:include xmlns:xi="http://www.w3.org/2001/XInclude" href="dispensary_GBDEDIT.xml"></xi:include><BR AutoHeight="1"/><xi:include xmlns:xi="http://www.w3.org/2001/XInclude" href="dispensary_GBOPE.xml"></xi:include>
<TAB/><xi:include xmlns:xi="http://www.w3.org/2001/XInclude" href="dispensary_GBOPV.xml"></xi:include>
<BR/><xi:include xmlns:xi="http://www.w3.org/2001/XInclude" href="dispensary_GBDV.xml"></xi:include></Ctrls></GroupBox>
</Ctrls>
	<OnChanged/>
	<OnActivate/>
	</WndTap>