﻿<GroupBox cols="xs12 sm6 md4" Name="GBOPVdispensary"><Ctrls>
<TAB/><Button Text="initial" ToolTip="ttp_initial" Name="initialdispensary" Size="50,20">
<OnClick><submit next="dispensary_vLst" function="initial"/><submit next="records_dispensary" function="initial"/></OnClick></Button>
<TAB/><Button Text="firstpage" Name="FPdispensary_vLst" Size="50,20">
<OnClick><submit next="dispensary_vLst" function="GetPage(first)"/><submit next="records_dispensary"/></OnClick></Button>
<Button Text="prepage" Name="PREdispensary_vLst" Size="50,20">
<OnClick><submit next="dispensary_vLst" function="GetPage(Pre)"/></OnClick></Button>
<Button Text="nextpage" Name="NPdispensary_vLst" Size="50,20">
<OnClick><submit next="dispensary_vLst" function="GetPage(Next)"/></OnClick></Button>
</Ctrls></GroupBox>
