﻿<GroupBox cols="xs12 sm6 md4" Name="GBOPEequipment" Size="100,100"><Ctrls>
<Button sqlpkinsert="equipmentid" Text="create" ToolTip="ttp_createequipment" Name="insertequipment" Size="50,20">
<OnClick>
<DbDetails mode="insert" fcsm="1">
<DbTable>his.equipment</DbTable>
<Required>%{dataRequired}</Required>
<Requireless>%{dataRequireless}</Requireless>
<Data>equipmentno,equipmentname,ip,cabinetid[cabinetid],equipmenttypeid[equipmenttypeid],status,computerid[computerid]</Data>
<DataEx>opera,uptime;'%{operaid}',now()</DataEx>
<queryFormat>insert into %{table} %{data}</queryFormat></DbDetails>
<submit namelist="DbDetails"/><if cond="!%{insertequipment[broke]}"><if cond="%{refreshAfterEdit}==1"><submit next="equipmentLst" delay="1000"/><elseif cond="%{refreshAfterEdit}==2"/><if cond="0"><if cond="'%{frmwndctrl}'"><submit next="%{frmwndctrl}" delay="1000"/><else/><submit next="$parent.equipment_vLst" delay="1000"/></if></if></if></if>
	</OnClick>
	</Button><TAB/>
<Button Text="modify" ToolTip="ttp_modifyequipment" Name="modifyequipment" Size="50,20">
<OnClick>
<DbDetails mode="update" fcsm="1">
<DbTable>his.equipment</DbTable>
<Required>%{dataRequired}</Required>
<Requireless>%{dataRequireless}</Requireless>
<Data>equipmentno,equipmentname,ip,cabinetid[cabinetid],equipmenttypeid[equipmenttypeid],status,computerid[computerid]</Data>
<DataEx>opera,uptime;'%{operaid}',now()</DataEx>
<Where>equipmentid='%{equipmentid}'</Where>
<queryFormat>update %{table} set %{data} where %{where}</queryFormat></DbDetails>
<submit namelist="DbDetails"/><if cond="!%{modifyequipment[broke]}"><if cond="%{refreshAfterEdit}==1"><submit next="equipmentLst" delay="1000"/><elseif cond="%{refreshAfterEdit}==2"/><if cond="'%{frmwndctrl}'"><submit next="%{frmwndctrl}" delay="1000"/><else/><submit next="$parent.equipment_vLst" delay="1000"/></if></if></if>
	</OnClick>
</Button><TAB/>
<Button Text="reset" ToolTip="ttp_resetequipment" Name="resetequipment" Size="50,20">
<OnClick>
<submit next="GBDEDITequipment" function="reset"/>
	</OnClick>
</Button><TAB/>
<Button Text="Search" ToolTip="ttp_gsearchequipment" Name="gsearchequipment" Size="50,20" visible="false">
<OnClick>
<search next="equipmentLst" listed="0" prefixwhere="0" prefixand="0" inputed="1"/><submit next="GBDEDITequipment" namelist="search" function="search"/>
	</OnClick>
</Button><TAB/>
</Ctrls></GroupBox>