﻿<WndTap Name="equipment_pos_v" Text="equipment_pos_v">
<WndTaps>
<xi:include xmlns:xi="http://www.w3.org/2001/XInclude" href="equipment_pos_Ve.xml" popup="1"/>
</WndTaps>
<var name="searchtmpl"><pos_idx format="(e.pos_idx like '%%{opvalue}%')"/><opera format="e.opera='%{opvalue}'"/><uptime format="(e.uptime between '%{uptime[datetime]}' and '%{uptime[datetime2]}')"/><posid format="(e.posid like '%%{opvalue}%')"/><equipmentid format="(e.equipmentid like '%%{opvalue}%')"/></var>
<xi:include xmlns:xi="http://www.w3.org/2001/XInclude" href="lan\equipment_pos.xml"/>
<Ctrls><GroupBox  Name="GBequipment_pos" id="equipment_pos" Text="equipment_pos" Size="100,100"><Ctrls>
<xi:include xmlns:xi="http://www.w3.org/2001/XInclude" href="equipment_pos_Vs.xml"/>
<BR AutoHeight="1"/><GroupBox  Name="GBOPVequipment_pos" Size="100,20" cols="xs12 sm6 md4"><Ctrls>
<Button Text="addone" ToolTip="ttp_addone" Name="addone" Size="50,20">	<OnClick><submit next="$this.equipment_pos.GBDEDITequipment_pos" function="reset"/><assign name="$this.equipment_pos.frmwndctrl" expr="%{$this.equipment_pos_vLst}"/></OnClick>	</Button><TAB/>	
<Button Text="reset" ToolTip="ttp_resetequipment_pos" Name="resetequipment_pos" Size="50,20">	<OnClick>	<submit next="GBDEDITequipment_pos" function="reset"/>	</OnClick>	</Button><TAB/>	
<Button Text="Search" ToolTip="ttp_gsearchequipment_pos" Name="gsearchequipment_pos" Size="50,20">	<OnClick>	
<search next="equipment_pos_vLst" listed="0" prefixwhere="0" prefixand="0" inputed="1">%{searchtmpl}</search><submit next="GBDEDITequipment_pos" namelist="search" function="search"/>	
<search next="records_equipment_pos" listed="0" prefixwhere="1" prefixand="0"  inputed="1">%{searchtmpl}</search><submit next="GBDEDITequipment_pos" namelist="search" function="search"/>	
</OnClick></Button><TAB/></Ctrls></GroupBox>
<xi:include xmlns:xi="http://www.w3.org/2001/XInclude" href="equipment_pos_Vpg.xml"/>
<xi:include xmlns:xi="http://www.w3.org/2001/XInclude" href="equipment_pos_Vpgop.xml"/>
<BR AutoHeight="1"/><xi:include xmlns:xi="http://www.w3.org/2001/XInclude" href="equipment_pos_Vv.xml"/>
</Ctrls></GroupBox>
</Ctrls></WndTap>
