﻿<WndTap Name="equipment" Text="equipment" Ver="2">
<var name="refreshAfterEdit" expr="2"/>
<var name="dataRequired" expr=""/>
<var name="dataRequireless" expr=""/>
<xi:include href="lan\equipment.xml" xmlns:xi="http://www.w3.org/2001/XInclude"/>
<xi:include xmlns:xi="http://www.w3.org/2001/XInclude" href="lan\equipment_pos.xml"/>
<Ctrls>
<GroupBox  Name="GBequipment" id="equipment" Text="equipment" Size="100,100"><Ctrls>
<xi:include xmlns:xi="http://www.w3.org/2001/XInclude" href="equipment_GBDEDIT.xml"/>
<BR AutoHeight="1"/><xi:include xmlns:xi="http://www.w3.org/2001/XInclude" href="equipment_GBOPE.xml"/>
<xi:include xmlns:xi="http://www.w3.org/2001/XInclude" href="equipment_Vh.xml"/>
<BR/><xi:include xmlns:xi="http://www.w3.org/2001/XInclude" href="equipment_pos_Vv.xml"/>
</Ctrls></GroupBox></Ctrls>
	<OnChanged></OnChanged>
	<OnActivate><SetVisible name="insertequipment" Visible="1"/><SetVisible name="modifyequipment" Visible="0"/></OnActivate>
</WndTap>
