﻿<GroupBox Name="GBDEDIThospital"><Ctrls>
<GroupBox cols="xs12 sm6 md4" Multiline="0" Name="GB_hospitalname"><Ctrls>
<Label Align="Right" Text="hospitalname" Name="lb_hospitalname" Size="60,20"/>
<TextBox Weight="170" Text="" ToolTip="ttp_hospitalname" Name="hospitalname" Size="170,20"/>
</Ctrls></GroupBox>
<GroupBox cols="xs12 sm6 md4" Multiline="0" Name="GB_hospitalno"><Ctrls>
<Label Align="Right" Text="hospitalno" Name="lb_hospitalno" Size="60,20"/>
<TextBox Weight="170" Text="" ToolTip="ttp_hospitalno" Name="hospitalno" Size="170,20"/>
</Ctrls></GroupBox>
<GroupBox cols="xs12 sm6 md4" Multiline="0" overlap="pre" Name="GB_hospitalid" Visible="false"><Ctrls>
<Label Align="Right" Text="hospitalid" overlap="pre" Name="lb_hospitalid" readonly="true" Size="60,20" Visible="false"/>
<TextBox Weight="170" Text="" ToolTip="ttp_hospitalid" overlap="pre" Name="hospitalid" readonly="true" Size="170,20" Visible="false"><OnEnChange><if cond="'%{hospitalid}'"><SetVisible name="inserthospital" Visible="0"/><SetVisible name="modifyhospital" Visible="1"/><else/><SetVisible name="inserthospital" Visible="1"/><SetVisible name="modifyhospital" Visible="0"/></if></OnEnChange></TextBox>
</Ctrls></GroupBox>
<GroupBox cols="xs12 sm6 md4" Multiline="0" overlap="pre" Name="GB_opera" Visible="false"><Ctrls>
<Label Align="Right" Text="opera" overlap="pre" Name="lb_opera" readonly="true" Size="60,20" Visible="false"/>
<TextBox Weight="170" Text="" ToolTip="ttp_opera" overlap="pre" Name="opera" readonly="true" Size="170,20" Visible="false">
	<DbDetails>
<Index>user_id</Index>
<DbTable>his.users</DbTable>
<Data>user_name,user_id</Data>
<Where/>
<queryFormat/></DbDetails></TextBox>
</Ctrls></GroupBox>
<GroupBox cols="xs12 sm6 md4" Multiline="0" overlap="pre" Name="GB_uptime" Visible="false"><Ctrls>
<Label Align="Right" Text="uptime" overlap="pre" Name="lb_uptime" readonly="true" Size="60,20" Visible="false"/>
<DateTime Weight="170" Text="" ToolTip="ttp_uptime" overlap="pre" Name="uptime" readonly="true" Size="170,20" Visible="false" Format="yyyy-MM-dd HH:mm:ss"/>
</Ctrls></GroupBox>
</Ctrls></GroupBox>