﻿<?xml version="1.0" encoding="UTF-8"?><WndTap Text="medi_trans" Name="medi_trans" Ver="2">
<var name="refreshAfterEdit" expr="1"/>
<var name="dataRequired" expr=""/>
<var name="dataRequireless" expr=""/>
<xi:include xmlns:xi="http://www.w3.org/2001/XInclude" href="lan\medi_trans.xml"/>
<Ctrls>
<GroupBox Text="medi_trans" Name="GBmedi_trans" id="medi_trans" Size="100,100"><Ctrls>
<xi:include xmlns:xi="http://www.w3.org/2001/XInclude" href="medi_trans_GBDEDIT.xml"></xi:include><BR AutoHeight="1"/><xi:include xmlns:xi="http://www.w3.org/2001/XInclude" href="medi_trans_GBOPE.xml"></xi:include>
<TAB/><xi:include xmlns:xi="http://www.w3.org/2001/XInclude" href="medi_trans_GBOPV.xml"></xi:include>
<BR/><xi:include xmlns:xi="http://www.w3.org/2001/XInclude" href="medi_trans_GBDV.xml"></xi:include></Ctrls></GroupBox>
</Ctrls>
	<OnChanged/>
	<OnActivate/>
	</WndTap>