﻿<GroupBox cols="xs12 sm6 md4" Name="GBOPVmedication_detail"><Ctrls>
<TAB/><Button Text="initial" ToolTip="ttp_initial" Name="initialmedication_detail" Size="50,20">
<OnClick><submit next="medication_detail_vLst" function="initial"/><submit next="records_medication_detail" function="initial"/></OnClick></Button>
<TAB/><Button Text="firstpage" Name="FPmedication_detail_vLst" Size="50,20">
<OnClick><submit next="medication_detail_vLst" function="GetPage(first)"/><submit next="records_medication_detail"/></OnClick></Button>
<Button Text="prepage" Name="PREmedication_detail_vLst" Size="50,20">
<OnClick><submit next="medication_detail_vLst" function="GetPage(Pre)"/></OnClick></Button>
<Button Text="nextpage" Name="NPmedication_detail_vLst" Size="50,20">
<OnClick><submit next="medication_detail_vLst" function="GetPage(Next)"/></OnClick></Button>
</Ctrls></GroupBox>
