﻿<?xml version="1.0" encoding="UTF-8"?><WndTap Text="medication_detail" Name="medication_detail" Ver="2">
<var name="refreshAfterEdit" expr="1"/>
<var name="dataRequired" expr="medicineid[medicineid],medicationid"/>
<var name="dataRequireless" expr=""/>
<xi:include xmlns:xi="http://www.w3.org/2001/XInclude" href="lan\medication_detail.xml"/>
<Ctrls>
<GroupBox Text="medication_detail" Name="GBmedication_detail" id="medication_detail" Size="100,100"><Ctrls>
<xi:include xmlns:xi="http://www.w3.org/2001/XInclude" href="medication_detail_GBDEDIT.xml"></xi:include><BR AutoHeight="1"/><xi:include xmlns:xi="http://www.w3.org/2001/XInclude" href="medication_detail_GBOPE.xml"></xi:include>
<TAB/><xi:include xmlns:xi="http://www.w3.org/2001/XInclude" href="medication_detail_GBOPV.xml"></xi:include>
<BR/><xi:include xmlns:xi="http://www.w3.org/2001/XInclude" href="medication_detail_GBDV.xml"></xi:include></Ctrls></GroupBox>
</Ctrls>
	<OnChanged/>
	<OnActivate/>
	</WndTap>