﻿<GroupBox Name="GBDVmedication" cols="xs12 sm12 md12 lg12"><Ctrls>
<ListCtrl Name="medication_vLst" ToolTip="ttp_medication_v" Size="700,450" OnLoad="init" Heading="medication_no,150;jici,25;dispensaryid,120;kebie_name,250;doctor_no,250;doctory_diagnosis,500;doctory_medicineprescript,500;doctory_medicinefundesc,500;doctory_usemethod,500;danji_price,50;total_price,50;patient_name,250;patient_sex,25;patient_age,20;patient_phoneno,100;patient_fresh,60;patient_address,250;patient_fallill_time,150;patient_intime,150;patient_allergy,500;patient_historyilldes,500;patient_illshow,500;status,120;opera,55;uptime,150;medicationid,100;" loadedclick="0">
	<DbDetails >
<Index>medicationid</Index>
<DbTable>his.medication m left join his.dispensary d on m.dispensaryid=d.dispensaryid left join his.status_option s on m.status=s.statuscode left join his.users u on m.opera=u.user_id</DbTable>
<Data>m.medication_no,m.jici,d.dispensaryname dispensaryid,m.kebie_name,m.doctor_no,m.doctory_diagnosis,m.doctory_medicineprescript,m.doctory_medicinefundesc,m.doctory_usemethod,m.danji_price,m.total_price,m.patient_name,m.patient_sex,m.patient_age,m.patient_phoneno,m.patient_fresh,m.patient_address,m.patient_fallill_time,m.patient_intime,m.patient_allergy,m.patient_historyilldes,m.patient_illshow,s.statusname status,u.user_name opera,m.uptime,m.medicationid</Data>
<Order>medicationid</Order></DbDetails>
<DbDetails><Data>m.medication_no,m.jici,d.dispensaryname dispensaryid,m.kebie_name,m.doctor_no,m.doctory_diagnosis,m.doctory_medicineprescript,m.doctory_medicinefundesc,m.doctory_usemethod,m.danji_price,m.total_price,m.patient_name,m.patient_sex,m.patient_age,m.patient_phoneno,m.patient_fresh,m.patient_address,m.patient_fallill_time,m.patient_intime,m.patient_allergy,m.patient_historyilldes,m.patient_illshow,s.statusname,m.status,u.user_name opera,m.uptime,m.medicationid</Data><queryFormat xml:base="d:\Program Files (x86)\3UCS\3UCS Server\layout\biztools\mysqlcfg.xml" id="tbpages">select %{data} from %{dbtable} %{where} limit %{StartRow},%{PgSize}</queryFormat></DbDetails>
<xi:include xmlns:xi="http://www.w3.org/2001/XInclude" href="medication_ops.xml"/>
<OnChanged>
<assign name="pgcur_medication" expr="js(%{medication_vLst[currentpage]}+1)"/>
<assign name="pgscb_medication" expr="js(%{medication_vLst[currentpage]}+1)" function="SetSel"/>
</OnChanged></ListCtrl>
</Ctrls></GroupBox>