﻿<GroupBox cols="xs12 sm12 md12 lg12" Name="GBDVmedi_trans"><Ctrls>
<ListCtrl Heading="medication_detailid,100;medicineid,55;bottleid,55;cabinetid,55;cabinet_cellid,55;opera,55;uptime,150;transid,100;status,30;" loadedclick="0" ToolTip="ttp_medi_trans" Name="medi_transLst" Size="700,450">
	<DbDetails fcsm="1">
<Index>transid</Index>
<DbTable>his.medi_trans m left join his.mt_cc_b_m m0 on m.medication_detailid=m0.medication_detailid left join his.users u on m.opera=u.user_id</DbTable>
<Data>m0.medicineno medication_detailid,m.medicineid,m.bottleid,m.cabinetid,m.cabinet_cellid,u.user_name opera,m.uptime,m.transid,m.status</Data>
<Order>transid</Order></DbDetails>%{}
<operator firstpage="0" nextpage="0" refresh="1" initial="0" prepage="0">
<op text="modify"><DbDetails><Where>transid='%{medi_trans_vLst[transid]}'</Where></DbDetails><submit next="$this.medi_trans_cabinet.medi_transLst" namelist="DbDetails"/><assign name="$this.medi_trans_cabinet.frmwndctrl" expr="%{this}"/></op>
<op text="delete" needconfirm="1"><DbDetails>
<DbTable>his.medi_trans</DbTable>
<Where>transid='%{medi_trans_vLst[transid]}'</Where>
<queryFormat>delete from %{table} where %{where}</queryFormat></DbDetails>
<submit namelist="DbDetails"/><submit/></op>
</operator>
</ListCtrl>
</Ctrls></GroupBox>