﻿<?xml version="1.0" encoding="UTF-8"?><WndTap Text="medi_trans_cabinet" Name="medi_trans_cabinet" Ver="2">
<var name="refreshAfterEdit" expr="1"/>
<var name="dataRequired" expr="medication_detailid[medication_detailid]"/>
<var name="dataRequireless" expr=""/>
<xi:include xmlns:xi="http://www.w3.org/2001/XInclude" href="lan\medi_trans_cabinet.xml"/>
<Ctrls>
<GroupBox Text="medi_trans" Name="GBmedi_trans" id="medi_trans" Size="100,100"><Ctrls>
<xi:include xmlns:xi="http://www.w3.org/2001/XInclude" href="medi_trans_cabinet_GBDEDIT.xml"></xi:include><BR AutoHeight="1"/><xi:include xmlns:xi="http://www.w3.org/2001/XInclude" href="medi_trans_cabinet_GBOPE.xml"></xi:include>
<TAB/><xi:include xmlns:xi="http://www.w3.org/2001/XInclude" href="medi_trans_cabinet_GBOPV.xml"></xi:include>
<BR/><xi:include xmlns:xi="http://www.w3.org/2001/XInclude" href="medi_trans_cabinet_GBDV.xml"></xi:include></Ctrls></GroupBox>
</Ctrls>
	<OnChanged/>
	<OnActivate/>
	</WndTap>