﻿<WndTap Name="medi_trans_equipment_pick" Text="medi_trans_equipment_Pick">
<var name="searchtmpl"><medication_detailid format="m.medication_detailid='%{opvalue}'"/><medicineid format="(m.medicineid like '%%{opvalue}%')"/><bottleid format="(m.bottleid like '%%{opvalue}%')"/><equipmentid format="(m.equipmentid like '%%{opvalue}%')"/><equipment_posid format="(m.equipment_posid like '%%{opvalue}%')"/><equipment_pos_degree format="(m.equipment_pos_degree like '%%{opvalue}%')"/><qtyapply format="(m.qtyapply like '%%{opvalue}%')"/><qtyrelease format="(m.qtyrelease like '%%{opvalue}%')"/><opera format="m.opera='%{opvalue}'"/><uptime format="(m.uptime between '%{uptime[datetime]}' and '%{uptime[datetime2]}')"/><transid format="(m.transid like '%%{opvalue}%')"/><weight1 format="(m.weight1 like '%%{opvalue}%')"/><weight2 format="(m.weight2 like '%%{opvalue}%')"/><status format="(m.status like '%%{opvalue}%')"/></var>
<xi:include xmlns:xi="http://www.w3.org/2001/XInclude" href="lan\medi_trans_equipment.xml"/>
<Ctrls><GroupBox  Name="GBmedi_trans" id="medi_trans" Text="medi_trans" Size="100,100"><Ctrls>
<xi:include xmlns:xi="http://www.w3.org/2001/XInclude" href="medi_trans_equipment_Vs.xml"/>
<BR AutoHeight="1"/><GroupBox  Name="GBOPVmedi_trans" Size="100,20" cols="xs12 sm6 md4"><Ctrls>
<Button Text="reset" ToolTip="ttp_resetmedi_trans" Name="resetmedi_trans" Size="50,20">	<OnClick>	<submit next="GBDEDITmedi_trans" function="reset"/>	</OnClick>	</Button><TAB/>	
<Button Text="Search" ToolTip="ttp_gsearchmedi_trans" Name="gsearchmedi_trans" Size="50,20">	<OnClick>	
<search next="medi_trans_vLst" listed="0" prefixwhere="0" prefixand="0" inputed="1">%{searchtmpl}</search><submit next="GBDEDITmedi_trans" namelist="search" function="search"/>	
</OnClick></Button><TAB/></Ctrls></GroupBox>
<BR AutoHeight="1"/><GroupBox Name="GBDVmedi_trans" cols="xs12 sm12 md12 lg12"><Ctrls>
<ListCtrl Name="medi_trans_vLst" ToolTip="ttp_medi_trans_v" Size="700,450" Heading="medication_detailid,100;medicineid,55;bottleid,55;equipmentid,55;equipment_posid,55;equipment_pos_degree,30;qtyapply,90;qtyrelease,90;opera,55;uptime,150;transid,100;weight1,90;weight2,90;status,30;" loadedclick="0">
	<DbDetails >
<Index>transid</Index>
<DbTable>his.medi_trans m left join his.mt_cc_b_m m0 on m.medication_detailid=m0.medication_detailid left join his.users u on m.opera=u.user_id</DbTable>
<Data>m0.medicineno medication_detailid,m.medicineid,m.bottleid,m.equipmentid,m.equipment_posid,m.equipment_pos_degree,m.qtyapply,m.qtyrelease,u.user_name opera,m.uptime,m.transid,m.weight1,m.weight2,m.status</Data>
<Order>transid</Order></DbDetails>
<OnClick><if cond="%{medi_trans_vLst[transid]}"><DbDetails><Where>transid='%{medi_trans_vLst[transid]}'</Where></DbDetails><submit namelist="DbDetails" next="$parent.%{frmwndctrl}"/><submit function="onok"/></if></OnClick>
</ListCtrl>
</Ctrls></GroupBox>
</Ctrls></GroupBox>
</Ctrls></WndTap>
