﻿<GroupBox Name="GBDVbottle_loc_cabinet" cols="xs12 sm12 md12 lg12"><Ctrls>
<ListCtrl Name="bottle_loc_cabinet_vLst" ToolTip="ttp_bottle_loc_cabinet_v" Size="700,450" OnLoad="init" Heading="bottleid,55;bottleno,250;medicineid,55;medicineno,250;cabinetid,120;cellid,120;locationid,100;opera,55;uptime,150;" loadedclick="0">
	<DbDetails >
<Index>locationid</Index>
<DbTable>his.bottle_loc_cabinet b left join his.bottle_info b0 on b.bottleid=b0.bottleid left join his.cabinet c on b.cabinetid=c.cabinetid left join his.cabinet_cell c0 on b.cellid=c0.cellid left join his.users u on b.opera=u.user_id</DbTable>
<Data>b0.bottleno bottleid,b.bottleno,b.medicineid,b.medicineno,c.cabinetname cabinetid,concat(cell_row,'-',cell_col),b.locationid,u.user_name opera,b.uptime</Data>
<Order>locationid</Order></DbDetails>
<operator refresh="1" initial="0" firstpage="0" prepage="0" nextpage="0">
<op text="modify"><DbDetails><Where>locationid='%{bottle_loc_cabinet_vLst[locationid]}'</Where></DbDetails><submit namelist="DbDetails" next="$this.bottle_loc_cabinet.bottle_loc_cabinetLst"/><assign name="$this.bottle_loc_cabinet.frmwndctrl" expr="%{this}"/></op>
<op text="delete" needconfirm="1"><DbDetails>
<DbTable>his.bottle_loc_cabinet</DbTable>
<Where>locationid='%{bottle_loc_cabinet_vLst[locationid]}'</Where>
<queryFormat>delete from %{table} where %{where}</queryFormat></DbDetails>
<submit namelist="DbDetails"/><submit/></op>
</operator>
<OnChanged>
<assign name="pgcur_bottle_loc_cabinet" expr="js(%{bottle_loc_cabinet_vLst[currentpage]}+1)"/>
<assign name="pgscb_bottle_loc_cabinet" expr="js(%{bottle_loc_cabinet_vLst[currentpage]}+1)" function="SetSel"/>
</OnChanged></ListCtrl>
</Ctrls></GroupBox>