﻿<GroupBox Name="GBDEDITbottle_info"><Ctrls>
<GroupBox cols="xs12 sm6 md4" Multiline="0" Name="GB_bottleno"><Ctrls>
<Label Align="Right" Text="bottleno" Name="lb_bottleno" Size="60,20"/>
<TextBox Weight="170" Text="" ToolTip="ttp_bottleno" Name="bottleno" Size="170,20"/>
</Ctrls></GroupBox>
<GroupBox cols="xs12 sm6 md4" Multiline="0" Name="GB_medicineid"><Ctrls>
<Label Align="Right" Text="medicineid" onload="init" Name="lb_medicineid" Size="60,20"/>
<ComboBox Weight="150" Text="" ToolTip="ttp_medicineid" onload="init" Name="medicineid" Size="150,100">
	<DbDetails fcsm="true">
<Index>medicineid</Index>
<DbTable>his.medicine_info</DbTable>
<Data>medicinenocn,medicineno,medicineid</Data>
<Where/>
<queryFormat/></DbDetails></ComboBox>
<MagicCtrl Name="refreshmedicineid" Link="tip:刷新" images=",data/refresh.png" button="type:0" Size="20,20"><OnClick><submit next="medicineid"/></OnClick></MagicCtrl>\r\n</Ctrls></GroupBox>
<GroupBox cols="xs12 sm6 md4" Multiline="0" Name="GB_medicineno"><Ctrls>
<Label Align="Right" Text="medicineno" Name="lb_medicineno" Size="60,20"/>
<TextBox Weight="170" Text="" ToolTip="ttp_medicineno" Name="medicineno" Size="170,20"/>
</Ctrls></GroupBox>
<BR AutoHeight="1"/><GroupBox cols="xs12 sm6 md4" Multiline="0" Name="GB_inqty"><Ctrls>
<Label Align="Right" Text="inqty" Name="lb_inqty" Size="60,20"/>
<TextBox Weight="170" Text="" ToolTip="ttp_inqty" Name="inqty" Size="170,20"/>
</Ctrls></GroupBox>
<GroupBox cols="xs12 sm6 md4" Multiline="0" Name="GB_uses_flag"><Ctrls>
<Label Align="Right" Text="uses_flag" onload="init" Name="lb_uses_flag" readonly="true" Size="60,20"/>
<ComboBox Weight="170" Text="" ToolTip="ttp_uses_flag" onload="init" Name="uses_flag" readonly="true" Size="170,100">
	<DbDetails>
<Index>statuscode</Index>
<DbTable>his.status_option</DbTable>
<Data>statusname,statuscode</Data>
<Where>statustype=1</Where>
<queryFormat/></DbDetails></ComboBox>
</Ctrls></GroupBox>
<GroupBox cols="xs12 sm6 md4" Multiline="0" overlap="pre" Name="GB_outqty" Visible="false"><Ctrls>
<Label Align="Right" Text="outqty" overlap="pre" Name="lb_outqty" readonly="true" Size="60,20" Visible="false"/>
<TextBox Weight="170" Text="" ToolTip="ttp_outqty" overlap="pre" Name="outqty" readonly="true" Size="170,20" Visible="false"/>
</Ctrls></GroupBox>
<GroupBox cols="xs12 sm6 md4" Multiline="0" overlap="pre" Name="GB_uses_time" Visible="false"><Ctrls>
<Label Align="Right" Text="uses_time" overlap="pre" Name="lb_uses_time" readonly="true" Size="60,20" Visible="false"/>
<DateTime Weight="170" Text="" ToolTip="ttp_uses_time" overlap="pre" Name="uses_time" readonly="true" Size="170,20" Visible="false" Format="yyyy-MM-dd HH:mm:ss"/>
</Ctrls></GroupBox>
<GroupBox cols="xs12 sm6 md4" Multiline="0" overlap="pre" Name="GB_outtime" Visible="false"><Ctrls>
<Label Align="Right" Text="outtime" overlap="pre" Name="lb_outtime" readonly="true" Size="60,20" Visible="false"/>
<DateTime Weight="170" Text="" ToolTip="ttp_outtime" overlap="pre" Name="outtime" readonly="true" Size="170,20" Visible="false" Format="yyyy-MM-dd HH:mm:ss"/>
</Ctrls></GroupBox>
<GroupBox cols="xs12 sm6 md4" Multiline="0" overlap="pre" Name="GB_backstock_time" Visible="false"><Ctrls>
<Label Align="Right" Text="backstock_time" overlap="pre" Name="lb_backstock_time" readonly="true" Size="60,20" Visible="false"/>
<DateTime Weight="170" Text="" ToolTip="ttp_backstock_time" overlap="pre" Name="backstock_time" readonly="true" Size="170,20" Visible="false" Format="yyyy-MM-dd HH:mm:ss"/>
</Ctrls></GroupBox>
<GroupBox cols="xs12 sm6 md4" Multiline="0" overlap="pre" Name="GB_backstock_emp" Visible="false"><Ctrls>
<Label Align="Right" Text="backstock_emp" overlap="pre" Name="lb_backstock_emp" readonly="true" Size="60,20" Visible="false"/>
<TextBox Weight="170" Text="" ToolTip="ttp_backstock_emp" overlap="pre" Name="backstock_emp" readonly="true" Size="170,20" Visible="false"/>
</Ctrls></GroupBox>
<GroupBox cols="xs12 sm6 md4" Multiline="0" overlap="pre" Name="GB_backstock_qty" Visible="false"><Ctrls>
<Label Align="Right" Text="backstock_qty" overlap="pre" Name="lb_backstock_qty" readonly="true" Size="60,20" Visible="false"/>
<TextBox Weight="170" Text="" ToolTip="ttp_backstock_qty" overlap="pre" Name="backstock_qty" readonly="true" Size="170,20" Visible="false"/>
</Ctrls></GroupBox>
<GroupBox cols="xs12 sm6 md4" Multiline="0" overlap="pre" Name="GB_backstock_memo" Visible="false"><Ctrls>
<Label Align="Right" Text="backstock_memo" overlap="pre" Name="lb_backstock_memo" readonly="true" Size="60,20" Visible="false"/>
<TextBox Weight="170" Text="" ToolTip="ttp_backstock_memo" overlap="pre" Name="backstock_memo" readonly="true" Size="170,20" Visible="false"/>
</Ctrls></GroupBox>
<GroupBox cols="xs12 sm6 md4" Multiline="0" overlap="pre" Name="GB_bottleid" Visible="false"><Ctrls>
<Label Align="Right" Text="bottleid" overlap="pre" Name="lb_bottleid" readonly="true" Size="60,20" Visible="false"/>
<TextBox Weight="170" Text="" ToolTip="ttp_bottleid" overlap="pre" Name="bottleid" readonly="true" Size="170,20" Visible="false"><OnEnChange><if cond="'%{bottleid}'"><SetVisible name="insertbottle_info" Visible="0"/><SetVisible name="modifybottle_info" Visible="1"/><else/><SetVisible name="insertbottle_info" Visible="1"/><SetVisible name="modifybottle_info" Visible="0"/></if></OnEnChange></TextBox>
</Ctrls></GroupBox>
<GroupBox cols="xs12 sm6 md4" Multiline="0" overlap="pre" Name="GB_opera" Visible="false"><Ctrls>
<Label Align="Right" Text="opera" overlap="pre" Name="lb_opera" readonly="true" Size="60,20" Visible="false"/>
<TextBox Weight="170" Text="" ToolTip="ttp_opera" overlap="pre" Name="opera" readonly="true" Size="170,20" Visible="false">
	<DbDetails>
<Index>user_id</Index>
<DbTable>his.users</DbTable>
<Data>user_name,user_id</Data>
<Where/>
<queryFormat/></DbDetails></TextBox>
</Ctrls></GroupBox>
<GroupBox cols="xs12 sm6 md4" Multiline="0" overlap="pre" Name="GB_uptime" Visible="false"><Ctrls>
<Label Align="Right" Text="uptime" overlap="pre" Name="lb_uptime" readonly="true" Size="60,20" Visible="false"/>
<DateTime Weight="170" Text="" ToolTip="ttp_uptime" overlap="pre" Name="uptime" readonly="true" Size="170,20" Visible="false" Format="yyyy-MM-dd HH:mm:ss"/>
</Ctrls></GroupBox>
</Ctrls></GroupBox>