﻿<WndTap Name="bottle_info_pick" Text="bottle_info_Pick">
<var name="searchtmpl"><bottleno format="(b.bottleno like '%%{opvalue}%')"/><medicineid format="b.medicineid='%{opvalue}'"/><medicineno format="(b.medicineno like '%%{opvalue}%')"/><inqty format="(b.inqty like '%%{opvalue}%')"/><uses_flag format="b.uses_flag='%{opvalue}'"/><outqty format="(b.outqty like '%%{opvalue}%')"/><uses_time format="(b.uses_time between '%{uses_time[datetime]}' and '%{uses_time[datetime2]}')"/><outtime format="(b.outtime between '%{outtime[datetime]}' and '%{outtime[datetime2]}')"/><backstock_time format="(b.backstock_time between '%{backstock_time[datetime]}' and '%{backstock_time[datetime2]}')"/><backstock_emp format="(b.backstock_emp like '%%{opvalue}%')"/><backstock_qty format="(b.backstock_qty like '%%{opvalue}%')"/><backstock_memo format="(b.backstock_memo like '%%{opvalue}%')"/><bottleid format="(b.bottleid like '%%{opvalue}%')"/><opera format="b.opera='%{opvalue}'"/><uptime format="(b.uptime between '%{uptime[datetime]}' and '%{uptime[datetime2]}')"/></var>
<xi:include xmlns:xi="http://www.w3.org/2001/XInclude" href="lan\bottle_info.xml"/>
<Ctrls><GroupBox  Name="GBbottle_info" id="bottle_info" Text="bottle_info" Size="100,100"><Ctrls>
<xi:include xmlns:xi="http://www.w3.org/2001/XInclude" href="bottle_info_Vs.xml"/>
<BR AutoHeight="1"/><GroupBox  Name="GBOPVbottle_info" Size="100,20" cols="xs12 sm6 md4"><Ctrls>
<Button Text="reset" ToolTip="ttp_resetbottle_info" Name="resetbottle_info" Size="50,20">	<OnClick>	<submit next="GBDEDITbottle_info" function="reset"/>	</OnClick>	</Button><TAB/>	
<Button Text="Search" ToolTip="ttp_gsearchbottle_info" Name="gsearchbottle_info" Size="50,20">	<OnClick>	
<search next="bottle_info_vLst" listed="0" prefixwhere="0" prefixand="0" inputed="1">%{searchtmpl}</search><submit next="GBDEDITbottle_info" namelist="search" function="search"/>	
</OnClick></Button><TAB/></Ctrls></GroupBox>
<BR AutoHeight="1"/><GroupBox Name="GBDVbottle_info" cols="xs12 sm12 md12 lg12"><Ctrls>
<ListCtrl Name="bottle_info_vLst" ToolTip="ttp_bottle_info_v" Size="700,450" Heading="bottleno,250;medicineid,120;medicineno,250;inqty,90;uses_flag,120;outqty,90;uses_time,150;outtime,150;backstock_time,150;backstock_emp,55;backstock_qty,90;backstock_memo,250;bottleid,100;opera,55;uptime,150;" loadedclick="0">
	<DbDetails >
<Index>bottleid</Index>
<DbTable>his.bottle_info b left join his.medicine_info m on b.medicineid=m.medicineid left join his.status_option s on b.uses_flag=s.statuscode left join his.users u on b.opera=u.user_id</DbTable>
<Data>b.bottleno,m.medicinenocn medicineid,b.medicineno,b.inqty,s.statusname uses_flag,b.outqty,b.uses_time,b.outtime,b.backstock_time,b.backstock_emp,b.backstock_qty,b.backstock_memo,b.bottleid,u.user_name opera,b.uptime</Data>
<Order>bottleid</Order></DbDetails>
<OnClick><if cond="%{bottle_info_vLst[bottleid]}"><DbDetails><Where>bottleid='%{bottle_info_vLst[bottleid]}'</Where></DbDetails><submit namelist="DbDetails" next="$parent.%{frmwndctrl}"/><submit function="onok"/></if></OnClick>
</ListCtrl>
</Ctrls></GroupBox>
</Ctrls></GroupBox>
</Ctrls></WndTap>
