﻿<GroupBox Name="GBDEDITbottle_loc_cabinet" text="Search" toggle="1"><Ctrls>
<GroupBox Name="GB_bottleid" Multiline="0" cols="xs12 sm6 md4"><Ctrls>
<Label Name="lb_bottleid" Size="60,20" Text="bottleid" Align="Right"/>
<TextBox Name="bottleid" Size="150,20" Text="" Weight="150" ToolTip="ttp_bottleid">
	<DbDetails fcsm="true">
<Index>bottleid</Index>
<DbTable>his.bottle_info</DbTable>
<Data>bottleno,medicineno,medicineid,bottleid</Data>
<Where></Where>
<queryFormat></queryFormat></DbDetails><OnSelEndOk><submit next="medicineid "/></OnSelEndOk></TextBox>
<MagicCtrl Name="pickbottleid" Link="tip:Pick" images=",data/search.png" button="type:0" Size="20,20"><OnClick><assign name="bottle_info_V.bottle_info_pick.frmwndctrl" expr="bottleid"/><DbDetails><Where></Where></DbDetails><submit namelist="DbDetails" next="bottle_info_V.bottle_info_pick.bottle_info_vLst"/></OnClick></MagicCtrl>\r\n</Ctrls></GroupBox>
<GroupBox Name="GB_medicineno" Multiline="0" cols="xs12 sm6 md4"><Ctrls>
<Label Name="lb_medicineno" Size="60,20" Text="medicineno" Align="Right"/>
<TextBox Name="medicineno" Size="170,20" Text="" Weight="170" ToolTip="ttp_medicineno"></TextBox>
</Ctrls></GroupBox>
</Ctrls></GroupBox>