﻿<GroupBox cols="xs12 sm12 md12 lg12" Name="GBDVbottle_info"><Ctrls>
<ListCtrl Heading="bottleno,250;medicineid,120;medicineno,250;inqty,90;uses_flag,120;outqty,90;uses_time,150;outtime,150;backstock_time,150;backstock_emp,55;backstock_qty,90;backstock_memo,250;bottleid,100;opera,55;uptime,150;" loadedclick="0" ToolTip="ttp_bottle_info" Name="bottle_infoLst" Size="700,450">
	<DbDetails fcsm="1">
<Index>bottleid</Index>
<DbTable>his.bottle_info b left join his.medicine_info m on b.medicineid=m.medicineid left join his.status_option s on b.uses_flag=s.statuscode left join his.users u on b.opera=u.user_id</DbTable>
<Data>b.bottleno,m.medicinenocn medicineid,b.medicineno,b.inqty,s.statusname uses_flag,b.outqty,b.uses_time,b.outtime,b.backstock_time,b.backstock_emp,b.backstock_qty,b.backstock_memo,b.bottleid,u.user_name opera,b.uptime</Data>
<Order>bottleid</Order></DbDetails>%{}
<xi:include xmlns:xi="http://www.w3.org/2001/XInclude" href="bottle_info_ops.xml"/>
</ListCtrl>
</Ctrls></GroupBox>