﻿<operator refresh="1" initial="0" firstpage="0" prepage="0" nextpage="0">
<op text="modify"><DbDetails><Where>bottleid='%{bottle_info_vLst[bottleid]}'</Where></DbDetails><submit namelist="DbDetails" next="$this.bottle_info.bottle_infoLst"/><assign name="$this.bottle_info.frmwndctrl" expr="%{this}"/></op>
<op text="cabinet"><DbDetails><Where>bottleid='%{bottle_info_vLst[bottleid]}'</Where></DbDetails><submit namelist="DbDetails" next="$this.bottle_loc_cabinet.bottleid"/><assign name="$this.bottle_loc_cabinet.frmwndctrl" expr="%{this}"/></op>
<op text="delete" needconfirm="1"><DbDetails>
<DbTable>his.bottle_info</DbTable>
<Where>bottleid='%{bottle_info_vLst[bottleid]}'</Where>
<queryFormat>delete from %{table} where %{where}</queryFormat></DbDetails>
<submit namelist="DbDetails"/><submit/></op>
</operator>
