﻿<GroupBox cols="xs12 sm6 md4" Name="GBOPVcabinet"><Ctrls>
<TAB/><Button Text="initial" ToolTip="ttp_initial" Name="initialcabinet" Size="50,20">
<OnClick><submit next="cabinet_vLst" function="initial"/><submit next="records_cabinet" function="initial"/></OnClick></Button>
<TAB/><Button Text="firstpage" Name="FPcabinet_vLst" Size="50,20">
<OnClick><submit next="cabinet_vLst" function="GetPage(first)"/><submit next="records_cabinet"/></OnClick></Button>
<Button Text="prepage" Name="PREcabinet_vLst" Size="50,20">
<OnClick><submit next="cabinet_vLst" function="GetPage(Pre)"/></OnClick></Button>
<Button Text="nextpage" Name="NPcabinet_vLst" Size="50,20">
<OnClick><submit next="cabinet_vLst" function="GetPage(Next)"/></OnClick></Button>
</Ctrls></GroupBox>
