﻿<WndTap Name="department_v" Text="department_v">
<WndTaps>
<xi:include xmlns:xi="http://www.w3.org/2001/XInclude" href="department_Ve.xml" popup="1"/>
</WndTaps>
<var name="searchtmpl"><departname format="(d.departname like '%%{opvalue}%')"/><opera format="d.opera='%{opvalue}'"/><uptime format="(d.uptime between '%{uptime[datetime]}' and '%{uptime[datetime2]}')"/><departmentid format="(d.departmentid like '%%{opvalue}%')"/></var>
<xi:include xmlns:xi="http://www.w3.org/2001/XInclude" href="lan\department.xml"/>
<Ctrls><GroupBox  Name="GBdepartment" id="department" Text="department" Size="100,100"><Ctrls>
<xi:include xmlns:xi="http://www.w3.org/2001/XInclude" href="department_Vs.xml"/>
<BR AutoHeight="1"/><GroupBox  Name="GBOPVdepartment" Size="100,20" cols="xs12 sm6 md4"><Ctrls>
<Button Text="addone" ToolTip="ttp_addone" Name="addone" Size="50,20">	<OnClick><submit next="$this.department.GBDEDITdepartment" function="reset"/><assign name="$this.department.frmwndctrl" expr="%{$this.department_vLst}"/></OnClick>	</Button><TAB/>	
<Button Text="reset" ToolTip="ttp_resetdepartment" Name="resetdepartment" Size="50,20">	<OnClick>	<submit next="GBDEDITdepartment" function="reset"/>	</OnClick>	</Button><TAB/>	
<Button Text="Search" ToolTip="ttp_gsearchdepartment" Name="gsearchdepartment" Size="50,20">	<OnClick>	
<search next="department_vLst" listed="0" prefixwhere="0" prefixand="0" inputed="1">%{searchtmpl}</search><submit next="GBDEDITdepartment" namelist="search" function="search"/>	
<search next="records_department" listed="0" prefixwhere="1" prefixand="0"  inputed="1">%{searchtmpl}</search><submit next="GBDEDITdepartment" namelist="search" function="search"/>	
</OnClick></Button><TAB/></Ctrls></GroupBox>
<xi:include xmlns:xi="http://www.w3.org/2001/XInclude" href="department_Vpg.xml"/>
<xi:include xmlns:xi="http://www.w3.org/2001/XInclude" href="department_Vpgop.xml"/>
<BR AutoHeight="1"/><xi:include xmlns:xi="http://www.w3.org/2001/XInclude" href="department_Vv.xml"/>
</Ctrls></GroupBox>
</Ctrls></WndTap>
