﻿<GroupBox cols="xs12 sm6 md4" Name="GBOPEdepartment" Size="100,100"><Ctrls>
<Button sqlpkinsert="departmentid" Text="create" ToolTip="ttp_createdepartment" Name="insertdepartment" Size="50,20">
<OnClick>
<DbDetails mode="insert" fcsm="1">
<DbTable>his.department</DbTable>
<Required>%{dataRequired}</Required>
<Requireless>%{dataRequireless}</Requireless>
<Data>departname</Data>
<DataEx>opera,uptime;'%{operaid}',now()</DataEx>
<queryFormat>insert into %{table} %{data}</queryFormat></DbDetails>
<submit namelist="DbDetails"/><if cond="!%{insertdepartment[broke]}"><if cond="%{refreshAfterEdit}==1"><submit next="departmentLst" delay="1000"/><elseif cond="%{refreshAfterEdit}==2"/><if cond="1"><if cond="'%{frmwndctrl}'"><submit next="%{frmwndctrl}" delay="1000"/><else/><submit next="$parent.department_vLst" delay="1000"/></if></if></if></if>
	</OnClick>
	</Button><TAB/>
<Button Text="modify" ToolTip="ttp_modifydepartment" Name="modifydepartment" Size="50,20">
<OnClick>
<DbDetails mode="update" fcsm="1">
<DbTable>his.department</DbTable>
<Required>%{dataRequired}</Required>
<Requireless>%{dataRequireless}</Requireless>
<Data>departname</Data>
<DataEx>opera,uptime;'%{operaid}',now()</DataEx>
<Where>departmentid='%{departmentid}'</Where>
<queryFormat>update %{table} set %{data} where %{where}</queryFormat></DbDetails>
<submit namelist="DbDetails"/><if cond="!%{modifydepartment[broke]}"><if cond="%{refreshAfterEdit}==1"><submit next="departmentLst" delay="1000"/><elseif cond="%{refreshAfterEdit}==2"/><if cond="'%{frmwndctrl}'"><submit next="%{frmwndctrl}" delay="1000"/><else/><submit next="$parent.department_vLst" delay="1000"/></if></if></if>
	</OnClick>
</Button><TAB/>
<Button Text="reset" ToolTip="ttp_resetdepartment" Name="resetdepartment" Size="50,20">
<OnClick>
<submit next="GBDEDITdepartment" function="reset"/>
	</OnClick>
</Button><TAB/>
<Button Text="Search" ToolTip="ttp_gsearchdepartment" Name="gsearchdepartment" Size="50,20" visible="false">
<OnClick>
<search next="departmentLst" listed="0" prefixwhere="0" prefixand="0" inputed="1"/><submit next="GBDEDITdepartment" namelist="search" function="search"/>
	</OnClick>
</Button><TAB/>
</Ctrls></GroupBox>