﻿<GroupBox cols="xs12 sm6 md4" Name="GBOPEequipment_pos" Size="100,100"><Ctrls>
<Button sqlpkinsert="posid" Text="create" ToolTip="ttp_createequipment_pos" Name="insertequipment_pos" Size="50,20">
<OnClick>
<DbDetails mode="insert" fcsm="1">
<DbTable>his.equipment_pos</DbTable>
<Required>%{dataRequired}</Required>
<Requireless>%{dataRequireless}</Requireless>
<Data>pos_idx,equipmentid</Data>
<DataEx>opera,uptime;'%{operaid}',now()</DataEx>
<queryFormat>insert into %{table} %{data}</queryFormat></DbDetails>
<submit namelist="DbDetails"/><if cond="!%{insertequipment_pos[broke]}"><if cond="%{refreshAfterEdit}==1"><submit next="equipment_posLst" delay="1000"/><elseif cond="%{refreshAfterEdit}==2"/><if cond="1"><if cond="'%{frmwndctrl}'"><submit next="%{frmwndctrl}" delay="1000"/><else/><submit next="$parent.equipment_pos_vLst" delay="1000"/></if></if></if></if>
	</OnClick>
	</Button><TAB/>
<Button Text="modify" ToolTip="ttp_modifyequipment_pos" Name="modifyequipment_pos" Size="50,20">
<OnClick>
<DbDetails mode="update" fcsm="1">
<DbTable>his.equipment_pos</DbTable>
<Required>%{dataRequired}</Required>
<Requireless>%{dataRequireless}</Requireless>
<Data>pos_idx,equipmentid</Data>
<DataEx>opera,uptime;'%{operaid}',now()</DataEx>
<Where>posid='%{posid}'</Where>
<queryFormat>update %{table} set %{data} where %{where}</queryFormat></DbDetails>
<submit namelist="DbDetails"/><if cond="!%{modifyequipment_pos[broke]}"><if cond="%{refreshAfterEdit}==1"><submit next="equipment_posLst" delay="1000"/><elseif cond="%{refreshAfterEdit}==2"/><if cond="'%{frmwndctrl}'"><submit next="%{frmwndctrl}" delay="1000"/><else/><submit next="$parent.equipment_pos_vLst" delay="1000"/></if></if></if>
	</OnClick>
</Button><TAB/>
<Button Text="reset" ToolTip="ttp_resetequipment_pos" Name="resetequipment_pos" Size="50,20">
<OnClick>
<submit next="GBDEDITequipment_pos" function="reset"/>
	</OnClick>
</Button><TAB/>
<Button Text="Search" ToolTip="ttp_gsearchequipment_pos" Name="gsearchequipment_pos" Size="50,20" visible="false">
<OnClick>
<search next="equipment_posLst" listed="0" prefixwhere="0" prefixand="0" inputed="1"/><submit next="GBDEDITequipment_pos" namelist="search" function="search"/>
	</OnClick>
</Button><TAB/>
</Ctrls></GroupBox>