﻿<WndTap Name="equipment_v" Text="equipment_v">
<WndTaps>
<xi:include xmlns:xi="http://www.w3.org/2001/XInclude" href="equipment_Ve.xml" popup="1"/>
<xi:include xmlns:xi="http://www.w3.org/2001/XInclude" href="equipment_pos_Ve.xml" popup="1"/>
</WndTaps>
<var name="searchtmpl"><equipmentno format="(e.equipmentno like '%%{opvalue}%')"/><equipmentname format="(e.equipmentname like '%%{opvalue}%')"/><ip format="(e.ip like '%%{opvalue}%')"/><cabinetno format="e.cabinetno='%{opvalue}'"/><equipmenttypeid format="e.equipmenttypeid='%{opvalue}'"/><status format="e.status is %{opvalue}"/><equipmentid format="(e.equipmentid like '%%{opvalue}%')"/><opera format="e.opera='%{opvalue}'"/><uptime format="(e.uptime between '%{uptime[datetime]}' and '%{uptime[datetime2]}')"/></var>
<xi:include xmlns:xi="http://www.w3.org/2001/XInclude" href="lan\equipment.xml"/>
<Ctrls><GroupBox  Name="GBequipment" id="equipment" Text="equipment" Size="100,100"><Ctrls>
<xi:include xmlns:xi="http://www.w3.org/2001/XInclude" href="equipment_Vs.xml"/>
<BR AutoHeight="1"/><GroupBox  Name="GBOPVequipment" Size="100,20" cols="xs12 sm6 md4"><Ctrls>
<Button Text="addone" ToolTip="ttp_addone" Name="addone" Size="50,20">	<OnClick><submit next="$this.equipment.GBDEDITequipment" function="reset"/><assign name="$this.equipment.frmwndctrl" expr="%{$this.equipment_vLst}"/></OnClick>	</Button><TAB/>	
<Button Text="reset" ToolTip="ttp_resetequipment" Name="resetequipment" Size="50,20">	<OnClick>	<submit next="GBDEDITequipment" function="reset"/>	</OnClick>	</Button><TAB/>	
<Button Text="Search" ToolTip="ttp_gsearchequipment" Name="gsearchequipment" Size="50,20">	<OnClick>	
<search next="equipment_vLst" listed="0" prefixwhere="0" prefixand="0" inputed="1">%{searchtmpl}</search><submit next="GBDEDITequipment" namelist="search" function="search"/>	
<search next="records_equipment" listed="0" prefixwhere="1" prefixand="0"  inputed="1">%{searchtmpl}</search><submit next="GBDEDITequipment" namelist="search" function="search"/>	
</OnClick></Button><TAB/></Ctrls></GroupBox>
<xi:include xmlns:xi="http://www.w3.org/2001/XInclude" href="equipment_Vpg.xml"/>
<xi:include xmlns:xi="http://www.w3.org/2001/XInclude" href="equipment_Vpgop.xml"/>
<BR AutoHeight="1"/><xi:include xmlns:xi="http://www.w3.org/2001/XInclude" href="equipment_Vv.xml"/>
</Ctrls></GroupBox>
</Ctrls></WndTap>
