﻿<GroupBox Name="GBDEDITequipment_pos"><Ctrls>
<GroupBox cols="xs12 sm6 md4" Multiline="0" Name="GB_pos_idx"><Ctrls>
<Label Align="Right" Text="pos_idx" Name="lb_pos_idx" Size="60,20"/>
<TextBox Weight="170" Text="" ToolTip="ttp_pos_idx" Name="pos_idx" Size="170,20"/>
</Ctrls></GroupBox>
<GroupBox cols="xs12 sm6 md4" Multiline="0" overlap="pre" Name="GB_opera" Visible="false"><Ctrls>
<Label Align="Right" Text="opera" overlap="pre" Name="lb_opera" readonly="true" Size="60,20" Visible="false"/>
<TextBox Weight="170" Text="" ToolTip="ttp_opera" overlap="pre" Name="opera" readonly="true" Size="170,20" Visible="false">
	<DbDetails>
<Index>user_id</Index>
<DbTable>his.users</DbTable>
<Data>user_name,user_id</Data>
<Where/>
<queryFormat/></DbDetails></TextBox>
</Ctrls></GroupBox>
<GroupBox cols="xs12 sm6 md4" Multiline="0" overlap="pre" Name="GB_uptime" Visible="false"><Ctrls>
<Label Align="Right" Text="uptime" overlap="pre" Name="lb_uptime" readonly="true" Size="60,20" Visible="false"/>
<DateTime Weight="170" Text="" ToolTip="ttp_uptime" overlap="pre" Name="uptime" readonly="true" Size="170,20" Visible="false" Format="yyyy-MM-dd HH:mm:ss"/>
</Ctrls></GroupBox>
<GroupBox cols="xs12 sm6 md4" Multiline="0" overlap="pre" Name="GB_posid" Visible="false"><Ctrls>
<Label Align="Right" Text="posid" overlap="pre" Name="lb_posid" readonly="true" Size="60,20" Visible="false"/>
<TextBox Weight="170" Text="" ToolTip="ttp_posid" overlap="pre" Name="posid" readonly="true" Size="170,20" Visible="false"><OnEnChange><if cond="'%{posid}'"><SetVisible name="insertequipment_pos" Visible="0"/><SetVisible name="modifyequipment_pos" Visible="1"/><else/><SetVisible name="insertequipment_pos" Visible="1"/><SetVisible name="modifyequipment_pos" Visible="0"/></if></OnEnChange></TextBox>
</Ctrls></GroupBox>
<GroupBox cols="xs12 sm6 md4" Multiline="0" overlap="pre" Name="GB_equipmentid" Visible="false"><Ctrls>
<Label Align="Right" Text="equipmentid" overlap="pre" Name="lb_equipmentid" readonly="true" Size="60,20" Visible="false"/>
<TextBox Weight="170" Text="" ToolTip="ttp_equipmentid" overlap="pre" Name="equipmentid" readonly="true" Size="170,20" Visible="false"/>
</Ctrls></GroupBox>
</Ctrls></GroupBox>