﻿<GroupBox cols="xs12 sm12 md12 lg12" Name="GBDVhisname"><Ctrls>
<ListCtrl Heading="hisname,250;hisno,25;hisnameid,55;opera,55;uptime,150;" loadedclick="0" ToolTip="ttp_hisname" Name="hisnameLst" Size="700,450">
	<DbDetails fcsm="1">
<Index>hisnameid</Index>
<DbTable>his.hisname h left join his.users u on h.opera=u.user_id</DbTable>
<Data>h.hisname,h.hisno,h.hisnameid,u.user_name opera,h.uptime</Data>
<Order>hisnameid</Order></DbDetails>%{}
<operator firstpage="0" nextpage="0" refresh="1" initial="0" prepage="0">
<op text="modify"><DbDetails><Where>hisnameid='%{hisname_vLst[hisnameid]}'</Where></DbDetails><submit next="$this.hisname.hisnameLst" namelist="DbDetails"/><assign name="$this.hisname.frmwndctrl" expr="%{this}"/></op>
<op text="delete" needconfirm="1"><DbDetails>
<DbTable>his.hisname</DbTable>
<Where>hisnameid='%{hisname_vLst[hisnameid]}'</Where>
<queryFormat>delete from %{table} where %{where}</queryFormat></DbDetails>
<submit namelist="DbDetails"/><submit/></op>
</operator>
</ListCtrl>
</Ctrls></GroupBox>