﻿<WndTap Name="hisname_pick" Text="hisname_Pick">
<var name="searchtmpl"><hisname format="(h.hisname like '%%{opvalue}%')"/><hisno format="(h.hisno like '%%{opvalue}%')"/><hisnameid format="(h.hisnameid like '%%{opvalue}%')"/><opera format="h.opera='%{opvalue}'"/><uptime format="(h.uptime between '%{uptime[datetime]}' and '%{uptime[datetime2]}')"/></var>
<xi:include xmlns:xi="http://www.w3.org/2001/XInclude" href="lan\hisname.xml"/>
<Ctrls><GroupBox  Name="GBhisname" id="hisname" Text="hisname" Size="100,100"><Ctrls>
<xi:include xmlns:xi="http://www.w3.org/2001/XInclude" href="hisname_Vs.xml"/>
<BR AutoHeight="1"/><GroupBox  Name="GBOPVhisname" Size="100,20" cols="xs12 sm6 md4"><Ctrls>
<Button Text="reset" ToolTip="ttp_resethisname" Name="resethisname" Size="50,20">	<OnClick>	<submit next="GBDEDIThisname" function="reset"/>	</OnClick>	</Button><TAB/>	
<Button Text="Search" ToolTip="ttp_gsearchhisname" Name="gsearchhisname" Size="50,20">	<OnClick>	
<search next="hisname_vLst" listed="0" prefixwhere="0" prefixand="0" inputed="1">%{searchtmpl}</search><submit next="GBDEDIThisname" namelist="search" function="search"/>	
</OnClick></Button><TAB/></Ctrls></GroupBox>
<BR AutoHeight="1"/><GroupBox Name="GBDVhisname" cols="xs12 sm12 md12 lg12"><Ctrls>
<ListCtrl Name="hisname_vLst" ToolTip="ttp_hisname_v" Size="700,450" Heading="hisname,250;hisno,25;hisnameid,55;opera,55;uptime,150;" loadedclick="0">
	<DbDetails >
<Index>hisnameid</Index>
<DbTable>his.hisname h left join his.users u on h.opera=u.user_id</DbTable>
<Data>h.hisname,h.hisno,h.hisnameid,u.user_name opera,h.uptime</Data>
<Order>hisnameid</Order></DbDetails>
<OnClick><if cond="%{hisname_vLst[hisnameid]}"><DbDetails><Where>hisnameid='%{hisname_vLst[hisnameid]}'</Where></DbDetails><submit namelist="DbDetails" next="$parent.%{frmwndctrl}"/><submit function="onok"/></if></OnClick>
</ListCtrl>
</Ctrls></GroupBox>
</Ctrls></GroupBox>
</Ctrls></WndTap>
