﻿<GroupBox cols="xs12 sm6 md4" Name="GBOPVhisname" Size="100,100"><Ctrls>
<Button Text="delete" ToolTip="ttp_deletehisname" Name="deletehisname" Size="50,20">
	<OnClick>
	<DbDetails fcsm="1">
<DbTable>his.hisname</DbTable>
<Where>hisnameid='%{hisnameLst[hisnameid]}'</Where>
<queryFormat>delete from %{table} where %{where}</queryFormat></DbDetails>
	<submit namelist="DbDetails"/><submit next="searchhisname" function="click"/>
	</OnClick>
	</Button><TAB/>
<Button Text="refresh" ToolTip="ttp_refreshhisname" Name="searchhisname" Size="50,20">
			  <OnClick><submit next="hisnameLst"/>	</OnClick>
</Button>
<TAB/><TAB/><Button Text="firstpage" Name="FPhisnameLst" OnClick="(hisnameLst)GetPage(First)" Size="50,20"/>
<TAB/><Button Text="prepage" Name="PREhisnameLst" OnClick="(hisnameLst)GetPage(Pre)" Size="50,20"/>
<TAB/><Button Text="nextpage" Name="NPhisnameLst" OnClick="(hisnameLst)GetPage(Next)" Size="50,20"/>
</Ctrls></GroupBox>