﻿<GroupBox Name="GBDVhisname" cols="xs12 sm12 md12 lg12"><Ctrls>
<ListCtrl Name="hisname_vLst" ToolTip="ttp_hisname_v" Size="700,450" OnLoad="init" Heading="hisname,250;hisno,25;hisnameid,55;opera,55;uptime,150;" loadedclick="0">
	<DbDetails >
<Index>hisnameid</Index>
<DbTable>his.hisname h left join his.users u on h.opera=u.user_id</DbTable>
<Data>h.hisname,h.hisno,h.hisnameid,u.user_name opera,h.uptime</Data>
<Order>hisnameid</Order></DbDetails>
<operator refresh="1" initial="0" firstpage="0" prepage="0" nextpage="0">
<op text="modify"><DbDetails><Where>hisnameid='%{hisname_vLst[hisnameid]}'</Where></DbDetails><submit namelist="DbDetails" next="$this.hisname.hisnameLst"/><assign name="$this.hisname.frmwndctrl" expr="%{this}"/></op>
<op text="delete" needconfirm="1"><DbDetails>
<DbTable>his.hisname</DbTable>
<Where>hisnameid='%{hisname_vLst[hisnameid]}'</Where>
<queryFormat>delete from %{table} where %{where}</queryFormat></DbDetails>
<submit namelist="DbDetails"/><submit/></op>
</operator>
<OnChanged>
<assign name="pgcur_hisname" expr="js(%{hisname_vLst[currentpage]}+1)"/>
<assign name="pgscb_hisname" expr="js(%{hisname_vLst[currentpage]}+1)" function="SetSel"/>
</OnChanged></ListCtrl>
</Ctrls></GroupBox>