﻿<GroupBox cols="xs12 sm6 md4" Multiline="0" Name="GBPGhisname"><Ctrls>
<Label Align="Right" Text="Records" Name="lb_Records" Size="60,20"/>
<TextBox Weight="30" ToolTip="ttp_records" Name="records_hisname" Size="40,20" OnLoad="init" readonly="1">
	<DbDetails fcsm="1">
<Index>hisnameid</Index>
<DbTable>his.hisname h left join his.users u on h.opera=u.user_id</DbTable>
<Data>count(*) records</Data>
<Order>hisnameid</Order><Queryformat>select %{data} from (select h.hisnameid from %{dbtable} %{where} GROUP BY h.hisnameid  ORDER BY h.hisnameid) t</Queryformat></DbDetails>
<OnEnchange>
<assign name="pgs_hisname" expr="js(Math.ceil(%{records_hisname}/%{hisname_vLst[countsperpage]}))"/>
<assign name="pgscb_hisname" expr="js('1~'+Math.ceil(%{records_hisname}/%{hisname_vLst[countsperpage]}))" function="setitems"/>
</OnEnchange>
</TextBox>
<!--ComboBox Weight="60" ToolTip="ttp_pgs" Name="pgscb_hisname" Size="60,20"><OnSelEndOK><submit next="hisname_vLst" function="GetPage(%{pgscb_hisname}-1)"/></OnSelEndOK></ComboBox-->
<TextBox Weight="30" ToolTip="ttp_pgs" Name="pgs_hisname" Size="30,20" readonly="1"/>
<TextBox Weight="30" ToolTip="ttp_pgcur" Name="pgcur_hisname" Size="30,20"/>
<Button Text="go2Page" Name="go2pagehisname_vLst" Size="50,20"><OnClick><submit next="hisname_vLst" function="GetPage(%{pgcur_hisname}-1)"/></OnClick></Button>
</Ctrls></GroupBox>
