﻿<GroupBox Name="GBDVhisname" cols="xs12 sm12 md12 lg12" visible="0"><Ctrls>
<ListCtrl Name="hisnameLst" ToolTip="ttp_hisname" Size="70,20" visible="0" loadedclick="1">
	<DbDetails fcsm="1">
<Index>hisnameid</Index>
<DbTable>his.hisname</DbTable>
<Data>hisname,hisno,hisnameid,opera,uptime</Data>
<Order>hisnameid</Order></DbDetails>
<OnClick><assign name="opera[user_id]" expr="%{hisnameLst[opera]}" function="SetSel"/>
<if cond="'%{hisnameid}'"><SetVisible name="inserthisname" Visible="0"/><SetVisible name="modifyhisname" Visible="1"/></if>
</OnClick>
</ListCtrl>
</Ctrls></GroupBox>