﻿<WndTap Name="hisname_v" Text="hisname_v">
<WndTaps>
<xi:include xmlns:xi="http://www.w3.org/2001/XInclude" href="hisname_Ve.xml" popup="1"/>
</WndTaps>
<var name="searchtmpl"><hisname format="(h.hisname like '%%{opvalue}%')"/><hisno format="(h.hisno like '%%{opvalue}%')"/><hisnameid format="(h.hisnameid like '%%{opvalue}%')"/><opera format="h.opera='%{opvalue}'"/><uptime format="(h.uptime between '%{uptime[datetime]}' and '%{uptime[datetime2]}')"/></var>
<xi:include xmlns:xi="http://www.w3.org/2001/XInclude" href="lan\hisname.xml"/>
<Ctrls><GroupBox  Name="GBhisname" id="hisname" Text="hisname" Size="100,100"><Ctrls>
<xi:include xmlns:xi="http://www.w3.org/2001/XInclude" href="hisname_Vs.xml"/>
<BR AutoHeight="1"/><GroupBox  Name="GBOPVhisname" Size="100,20" cols="xs12 sm6 md4"><Ctrls>
<Button Text="addone" ToolTip="ttp_addone" Name="addone" Size="50,20">	<OnClick><submit next="$this.hisname.GBDEDIThisname" function="reset"/><assign name="$this.hisname.frmwndctrl" expr="%{$this.hisname_vLst}"/></OnClick>	</Button><TAB/>	
<Button Text="reset" ToolTip="ttp_resethisname" Name="resethisname" Size="50,20">	<OnClick>	<submit next="GBDEDIThisname" function="reset"/>	</OnClick>	</Button><TAB/>	
<Button Text="Search" ToolTip="ttp_gsearchhisname" Name="gsearchhisname" Size="50,20">	<OnClick>	
<search next="hisname_vLst" listed="0" prefixwhere="0" prefixand="0" inputed="1">%{searchtmpl}</search><submit next="GBDEDIThisname" namelist="search" function="search"/>	
<search next="records_hisname" listed="0" prefixwhere="1" prefixand="0"  inputed="1">%{searchtmpl}</search><submit next="GBDEDIThisname" namelist="search" function="search"/>	
</OnClick></Button><TAB/></Ctrls></GroupBox>
<xi:include xmlns:xi="http://www.w3.org/2001/XInclude" href="hisname_Vpg.xml"/>
<xi:include xmlns:xi="http://www.w3.org/2001/XInclude" href="hisname_Vpgop.xml"/>
<BR AutoHeight="1"/><xi:include xmlns:xi="http://www.w3.org/2001/XInclude" href="hisname_Vv.xml"/>
</Ctrls></GroupBox>
</Ctrls></WndTap>
