﻿<WndTap Name="hisname" Text="hisname" Ver="2">
<var name="refreshAfterEdit" expr="2"/>
<var name="dataRequired" expr=""/>
<var name="dataRequireless" expr=""/>
<xi:include href="lan\hisname.xml" xmlns:xi="http://www.w3.org/2001/XInclude"/>
<Ctrls>
<GroupBox  Name="GBhisname" id="hisname" Text="hisname" Size="100,100"><Ctrls>
<xi:include xmlns:xi="http://www.w3.org/2001/XInclude" href="hisname_GBDEDIT.xml"/>
<BR AutoHeight="1"/><xi:include xmlns:xi="http://www.w3.org/2001/XInclude" href="hisname_GBOPE.xml"/>
<xi:include xmlns:xi="http://www.w3.org/2001/XInclude" href="hisname_Vh.xml"/></Ctrls></GroupBox></Ctrls>
	<OnChanged></OnChanged>
	<OnActivate><SetVisible name="inserthisname" Visible="1"/><SetVisible name="modifyhisname" Visible="0"/></OnActivate>
</WndTap>
