﻿<GroupBox cols="xs12 sm6 md4" Name="GBOPVhisname"><Ctrls>
<TAB/><Button Text="initial" ToolTip="ttp_initial" Name="initialhisname" Size="50,20">
<OnClick><submit next="hisname_vLst" function="initial"/><submit next="records_hisname" function="initial"/></OnClick></Button>
<TAB/><Button Text="firstpage" Name="FPhisname_vLst" Size="50,20">
<OnClick><submit next="hisname_vLst" function="GetPage(first)"/><submit next="records_hisname"/></OnClick></Button>
<Button Text="prepage" Name="PREhisname_vLst" Size="50,20">
<OnClick><submit next="hisname_vLst" function="GetPage(Pre)"/></OnClick></Button>
<Button Text="nextpage" Name="NPhisname_vLst" Size="50,20">
<OnClick><submit next="hisname_vLst" function="GetPage(Next)"/></OnClick></Button>
</Ctrls></GroupBox>
