﻿<GroupBox Name="GBDEDIThisname"><Ctrls>
<GroupBox cols="xs12 sm6 md4" Multiline="0" Name="GB_hisname"><Ctrls>
<Label Align="Right" Text="hisname" Name="lb_hisname" Size="60,20"/>
<TextBox Weight="170" Text="" ToolTip="ttp_hisname" Name="hisname" Size="170,20"/>
</Ctrls></GroupBox>
<GroupBox cols="xs12 sm6 md4" Multiline="0" Name="GB_hisno"><Ctrls>
<Label Align="Right" Text="hisno" Name="lb_hisno" Size="60,20"/>
<TextBox Weight="170" Text="" ToolTip="ttp_hisno" Name="hisno" Size="170,20"/>
</Ctrls></GroupBox>
<GroupBox cols="xs12 sm6 md4" Multiline="0" overlap="pre" Name="GB_hisnameid" Visible="false"><Ctrls>
<Label Align="Right" Text="hisnameid" overlap="pre" Name="lb_hisnameid" readonly="true" Size="60,20" Visible="false"/>
<TextBox Weight="170" Text="" ToolTip="ttp_hisnameid" overlap="pre" Name="hisnameid" readonly="true" Size="170,20" Visible="false"><OnEnChange><if cond="'%{hisnameid}'"><SetVisible name="inserthisname" Visible="0"/><SetVisible name="modifyhisname" Visible="1"/><else/><SetVisible name="inserthisname" Visible="1"/><SetVisible name="modifyhisname" Visible="0"/></if></OnEnChange></TextBox>
</Ctrls></GroupBox>
<GroupBox cols="xs12 sm6 md4" Multiline="0" overlap="pre" Name="GB_opera" Visible="false"><Ctrls>
<Label Align="Right" Text="opera" overlap="pre" Name="lb_opera" readonly="true" Size="60,20" Visible="false"/>
<TextBox Weight="170" Text="" ToolTip="ttp_opera" overlap="pre" Name="opera" readonly="true" Size="170,20" Visible="false">
	<DbDetails>
<Index>user_id</Index>
<DbTable>his.users</DbTable>
<Data>user_name,user_id</Data>
<Where/>
<queryFormat/></DbDetails></TextBox>
</Ctrls></GroupBox>
<GroupBox cols="xs12 sm6 md4" Multiline="0" overlap="pre" Name="GB_uptime" Visible="false"><Ctrls>
<Label Align="Right" Text="uptime" overlap="pre" Name="lb_uptime" readonly="true" Size="60,20" Visible="false"/>
<DateTime Weight="170" Text="" ToolTip="ttp_uptime" overlap="pre" Name="uptime" readonly="true" Size="170,20" Visible="false" Format="yyyy-MM-dd HH:mm:ss"/>
</Ctrls></GroupBox>
</Ctrls></GroupBox>