﻿<GroupBox cols="xs12 sm6 md4" Name="GBOPEhisname" Size="100,100"><Ctrls>
<Button sqlpkinsert="hisnameid" Text="create" ToolTip="ttp_createhisname" Name="inserthisname" Size="50,20">
<OnClick>
<DbDetails mode="insert" fcsm="1">
<DbTable>his.hisname</DbTable>
<Required>%{dataRequired}</Required>
<Requireless>%{dataRequireless}</Requireless>
<Data>hisname,hisno</Data>
<DataEx>opera;'%{operaid}'</DataEx>
<queryFormat>insert into %{table} %{data}</queryFormat></DbDetails>
<submit namelist="DbDetails"/><if cond="!%{inserthisname[broke]}"><if cond="%{refreshAfterEdit}==1"><submit next="hisnameLst" delay="1000"/><elseif cond="%{refreshAfterEdit}==2"/><if cond="1"><if cond="'%{frmwndctrl}'"><submit next="%{frmwndctrl}" delay="1000"/><else/><submit next="$parent.hisname_vLst" delay="1000"/></if></if></if></if>
	</OnClick>
	</Button><TAB/>
<Button Text="modify" ToolTip="ttp_modifyhisname" Name="modifyhisname" Size="50,20">
<OnClick>
<DbDetails mode="update" fcsm="1">
<DbTable>his.hisname</DbTable>
<Required>%{dataRequired}</Required>
<Requireless>%{dataRequireless}</Requireless>
<Data>hisname,hisno</Data>
<DataEx>opera;'%{operaid}'</DataEx>
<Where>hisnameid='%{hisnameid}'</Where>
<queryFormat>update %{table} set %{data} where %{where}</queryFormat></DbDetails>
<submit namelist="DbDetails"/><if cond="!%{modifyhisname[broke]}"><if cond="%{refreshAfterEdit}==1"><submit next="hisnameLst" delay="1000"/><elseif cond="%{refreshAfterEdit}==2"/><if cond="'%{frmwndctrl}'"><submit next="%{frmwndctrl}" delay="1000"/><else/><submit next="$parent.hisname_vLst" delay="1000"/></if></if></if>
	</OnClick>
</Button><TAB/>
<Button Text="reset" ToolTip="ttp_resethisname" Name="resethisname" Size="50,20">
<OnClick>
<submit next="GBDEDIThisname" function="reset"/>
	</OnClick>
</Button><TAB/>
<Button Text="Search" ToolTip="ttp_gsearchhisname" Name="gsearchhisname" Size="50,20" visible="false">
<OnClick>
<search next="hisnameLst" listed="0" prefixwhere="0" prefixand="0" inputed="1"/><submit next="GBDEDIThisname" namelist="search" function="search"/>
	</OnClick>
</Button><TAB/>
</Ctrls></GroupBox>