﻿<GroupBox Name="GBDEDIThisname" text="Search" toggle="1"><Ctrls>
<GroupBox Name="GB_hisname" Multiline="0" cols="xs12 sm6 md4"><Ctrls>
<Label Name="lb_hisname" Size="60,20" Text="hisname" Align="Right"/>
<TextBox Name="hisname" Size="170,20" Text="" Weight="170" ToolTip="ttp_hisname"></TextBox>
</Ctrls></GroupBox>
<GroupBox Name="GB_hisno" Multiline="0" cols="xs12 sm6 md4"><Ctrls>
<Label Name="lb_hisno" Size="60,20" Text="hisno" Align="Right"/>
<TextBox Name="hisno" Size="170,20" Text="" Weight="170" ToolTip="ttp_hisno"></TextBox>
</Ctrls></GroupBox>
</Ctrls></GroupBox>