﻿<WndTap Name="medication_v" Text="medication_v">
<WndTaps>
<xi:include xmlns:xi="http://www.w3.org/2001/XInclude" href="medication_Ve.xml" popup="1"/>
<xi:include xmlns:xi="http://www.w3.org/2001/XInclude" href="medication_detail_Ve.xml" popup="1"/>
</WndTaps>
<var name="searchtmpl"><medication_no format="(m.medication_no like '%%{opvalue}%')"/><kebie_name format="(m.kebie_name like '%%{opvalue}%')"/><doctor_no format="(m.doctor_no like '%%{opvalue}%')"/><patient_name format="(m.patient_name like '%%{opvalue}%')"/><patient_sex format="(m.patient_sex like '%%{opvalue}%')"/><patient_age format="(m.patient_age like '%%{opvalue}%')"/><patient_phoneno format="(m.patient_phoneno like '%%{opvalue}%')"/><patient_fresh format="m.patient_fresh is %{opvalue}"/><patient_address format="(m.patient_address like '%%{opvalue}%')"/><patient_fallill_time format="(m.patient_fallill_time between '%{patient_fallill_time[datetime]}' and '%{patient_fallill_time[datetime2]}')"/><patient_intime format="(m.patient_intime between '%{patient_intime[datetime]}' and '%{patient_intime[datetime2]}')"/><patient_allergy format="(m.patient_allergy like '%%{opvalue}%')"/><patient_historyilldes format="(m.patient_historyilldes like '%%{opvalue}%')"/><doctory_diagnosis format="(m.doctory_diagnosis like '%%{opvalue}%')"/><doctory_medicineprescript format="(m.doctory_medicineprescript like '%%{opvalue}%')"/><doctory_medicinefundesc format="(m.doctory_medicinefundesc like '%%{opvalue}%')"/><doctory_usemethod format="(m.doctory_usemethod like '%%{opvalue}%')"/><danji_price format="(m.danji_price like '%%{opvalue}%')"/><jici format="(m.jici like '%%{opvalue}%')"/><total_price format="(m.total_price like '%%{opvalue}%')"/><status format="m.status='%{opvalue}'"/><opera format="m.opera='%{opvalue}'"/><uptime format="(m.uptime between '%{uptime[datetime]}' and '%{uptime[datetime2]}')"/><medicationid format="(m.medicationid like '%%{opvalue}%')"/><hpatient_illshow format="(m.hpatient_illshow like '%%{opvalue}%')"/></var>
<xi:include xmlns:xi="http://www.w3.org/2001/XInclude" href="lan\medication.xml"/>
<Ctrls><GroupBox  Name="GBmedication" id="medication" Text="medication" Size="100,100"><Ctrls>
<xi:include xmlns:xi="http://www.w3.org/2001/XInclude" href="medication_Vs.xml"/>
<BR AutoHeight="1"/><GroupBox  Name="GBOPVmedication" Size="100,20" cols="xs12 sm6 md4"><Ctrls>
<Button Text="addone" ToolTip="ttp_addone" Name="addone" Size="50,20">	<OnClick><submit next="$this.medication.GBDEDITmedication" function="reset"/><assign name="$this.medication.frmwndctrl" expr="%{$this.medication_vLst}"/></OnClick>	</Button><TAB/>	
<Button Text="reset" ToolTip="ttp_resetmedication" Name="resetmedication" Size="50,20">	<OnClick>	<submit next="GBDEDITmedication" function="reset"/>	</OnClick>	</Button><TAB/>	
<Button Text="Search" ToolTip="ttp_gsearchmedication" Name="gsearchmedication" Size="50,20">	<OnClick>	
<search next="medication_vLst" listed="0" prefixwhere="0" prefixand="0" inputed="1">%{searchtmpl}</search><submit next="GBDEDITmedication" namelist="search" function="search"/>	
<search next="records_medication" listed="0" prefixwhere="1" prefixand="0"  inputed="1">%{searchtmpl}</search><submit next="GBDEDITmedication" namelist="search" function="search"/>	
</OnClick></Button><TAB/></Ctrls></GroupBox>
<xi:include xmlns:xi="http://www.w3.org/2001/XInclude" href="medication_Vpg.xml"/>
<xi:include xmlns:xi="http://www.w3.org/2001/XInclude" href="medication_Vpgop.xml"/>
<BR AutoHeight="1"/><xi:include xmlns:xi="http://www.w3.org/2001/XInclude" href="medication_Vv.xml"/>
</Ctrls></GroupBox>
</Ctrls></WndTap>
