﻿<GroupBox cols="xs12 sm6 md4" Name="GBOPEmedicine_info" Size="100,100"><Ctrls>
<Button sqlpkinsert="medicineid" Text="create" ToolTip="ttp_createmedicine_info" Name="insertmedicine_info" Size="50,20">
<OnClick>
<DbDetails mode="insert" fcsm="1">
<DbTable>his.medicine_info</DbTable>
<Required>%{dataRequired}</Required>
<Requireless>%{dataRequireless}</Requireless>
<Data>medicineno,medicinenocn,medicinenopy,packno,density,equivalent,currentqty,price,warningval_jiliang,warningval_stock,warningval_cabinet,warning_validdays,publicqty,ispoison,isanesthetic</Data>
<DataEx>opera,uptime;'%{operaid}',now()</DataEx>
<queryFormat>insert into %{table} %{data}</queryFormat></DbDetails>
<submit namelist="DbDetails"/><if cond="!%{insertmedicine_info[broke]}"><if cond="%{refreshAfterEdit}==1"><submit next="medicine_infoLst" delay="1000"/><elseif cond="%{refreshAfterEdit}==2"/><if cond="1"><if cond="'%{frmwndctrl}'"><submit next="%{frmwndctrl}" delay="1000"/><else/><submit next="$parent.medicine_info_vLst" delay="1000"/></if></if></if></if>
	</OnClick>
	</Button><TAB/>
<Button Text="modify" ToolTip="ttp_modifymedicine_info" Name="modifymedicine_info" Size="50,20">
<OnClick>
<DbDetails mode="update" fcsm="1">
<DbTable>his.medicine_info</DbTable>
<Required>%{dataRequired}</Required>
<Requireless>%{dataRequireless}</Requireless>
<Data>medicineno,medicinenocn,medicinenopy,packno,density,equivalent,price,warningval_jiliang,warningval_stock,warningval_cabinet,warning_validdays,publicqty,ispoison,isanesthetic</Data>
<DataEx>opera,uptime;'%{operaid}',now()</DataEx>
<Where>medicineid='%{medicineid}'</Where>
<queryFormat>update %{table} set %{data} where %{where}</queryFormat></DbDetails>
<submit namelist="DbDetails"/><if cond="!%{modifymedicine_info[broke]}"><if cond="%{refreshAfterEdit}==1"><submit next="medicine_infoLst" delay="1000"/><elseif cond="%{refreshAfterEdit}==2"/><if cond="'%{frmwndctrl}'"><submit next="%{frmwndctrl}" delay="1000"/><else/><submit next="$parent.medicine_info_vLst" delay="1000"/></if></if></if>
	</OnClick>
</Button><TAB/>
<Button Text="reset" ToolTip="ttp_resetmedicine_info" Name="resetmedicine_info" Size="50,20">
<OnClick>
<submit next="GBDEDITmedicine_info" function="reset"/>
	</OnClick>
</Button><TAB/>
<Button Text="Search" ToolTip="ttp_gsearchmedicine_info" Name="gsearchmedicine_info" Size="50,20" visible="false">
<OnClick>
<search next="medicine_infoLst" listed="0" prefixwhere="0" prefixand="0" inputed="1"/><submit next="GBDEDITmedicine_info" namelist="search" function="search"/>
	</OnClick>
</Button><TAB/>
</Ctrls></GroupBox>