﻿<GroupBox Name="GBDEDITmedication_detail"><Ctrls>
<GroupBox cols="xs12 sm6 md4" Multiline="0" Name="GB_medicineid"><Ctrls>
<Label Align="Right" Text="medicineid" onload="init" Name="lb_medicineid" Size="60,20"/>
<ComboBox Weight="150" Text="" ToolTip="ttp_medicineid" onload="init" Name="medicineid" Size="150,100">
	<DbDetails fcsm="true">
<Index>medicineid</Index>
<DbTable>his.medicine_info</DbTable>
<Data>medicinenocn,medicineno,price,medicineid</Data>
<Where/>
<queryFormat/></DbDetails></ComboBox>
<MagicCtrl Name="refreshmedicineid" Link="tip:刷新" images=",data/refresh.png" button="type:0" Size="20,20"><OnClick><submit next="medicineid"/></OnClick></MagicCtrl>\r\n</Ctrls></GroupBox>
<GroupBox cols="xs12 sm6 md4" Multiline="0" overlap="pre" Name="GB_medicineno" Visible="false"><Ctrls>
<Label Align="Right" Text="medicineno" overlap="pre" Name="lb_medicineno" readonly="true" Size="60,20" Visible="false"/>
<TextBox Weight="170" Text="" ToolTip="ttp_medicineno" overlap="pre" Name="medicineno" readonly="true" Size="170,20" Visible="false"/>
</Ctrls></GroupBox>
<GroupBox cols="xs12 sm6 md4" Multiline="0" Name="GB_medicinenocn"><Ctrls>
<Label Align="Right" Text="medicinenocn" Name="lb_medicinenocn" readonly="true" Size="60,20"/>
<TextBox Weight="170" Text="" ToolTip="ttp_medicinenocn" Name="medicinenocn" readonly="true" Size="170,20"/>
</Ctrls></GroupBox>
<GroupBox cols="xs12 sm6 md4" Multiline="0" Name="GB_price"><Ctrls>
<Label Align="Right" Text="price" Name="lb_price" readonly="true" Size="60,20"/>
<TextBox Weight="170" Text="" ToolTip="ttp_price" Name="price" readonly="true" Size="170,20"/>
</Ctrls></GroupBox>
<BR AutoHeight="1"/><GroupBox cols="xs12 sm6 md4" Multiline="0" Name="GB_jiliang"><Ctrls>
<Label Align="Right" Text="jiliang" Name="lb_jiliang" Size="60,20"/>
<TextBox Weight="170" Text="" ToolTip="ttp_jiliang" Name="jiliang" Size="170,20"><OnEnChange><assign name="xiaoji" expr="js(%{price}*%{jiliang})"/></OnEnChange></TextBox>
</Ctrls></GroupBox>
<GroupBox cols="xs12 sm6 md4" Multiline="0" Name="GB_xiaoji"><Ctrls>
<Label Align="Right" Text="xiaoji" Name="lb_xiaoji" Size="60,20"/>
<TextBox Weight="170" Text="" ToolTip="ttp_xiaoji" Name="xiaoji" Size="170,20"/>
</Ctrls></GroupBox>
<GroupBox cols="xs12 sm6 md4" Multiline="0" overlap="pre" Name="GB_status" Visible="false"><Ctrls>
<Label Align="Right" Text="status" overlap="pre" Name="lb_status" readonly="true" Size="60,20" Visible="false"/>
<ComboBox Weight="170" Text="" ToolTip="ttp_status" overlap="pre" Name="status" readonly="true" Size="170,100" Visible="false">
	<DbDetails>
<Index>statuscode</Index>
<DbTable>his.status_option</DbTable>
<Data>statusname,statuscode</Data>
<Where>statustype=3</Where>
<queryFormat/></DbDetails></ComboBox>
</Ctrls></GroupBox>
<GroupBox cols="xs12 sm6 md4" Multiline="0" overlap="pre" Name="GB_time1" Visible="false"><Ctrls>
<Label Align="Right" Text="time1" overlap="pre" Name="lb_time1" readonly="true" Size="60,20" Visible="false"/>
<DateTime Weight="170" Text="" ToolTip="ttp_time1" overlap="pre" Name="time1" readonly="true" Size="170,20" Visible="false" Format="yyyy-MM-dd HH:mm:ss"/>
</Ctrls></GroupBox>
<GroupBox cols="xs12 sm6 md4" Multiline="0" overlap="pre" Name="GB_medication_detailid" Visible="false"><Ctrls>
<Label Align="Right" Text="medication_detailid" overlap="pre" Name="lb_medication_detailid" readonly="true" Size="60,20" Visible="false"/>
<TextBox Weight="170" Text="" ToolTip="ttp_medication_detailid" overlap="pre" Name="medication_detailid" readonly="true" Size="170,20" Visible="false"><OnEnChange><if cond="'%{medication_detailid}'"><SetVisible name="insertmedication_detail" Visible="0"/><SetVisible name="modifymedication_detail" Visible="1"/><else/><SetVisible name="insertmedication_detail" Visible="1"/><SetVisible name="modifymedication_detail" Visible="0"/></if></OnEnChange></TextBox>
</Ctrls></GroupBox>
<GroupBox cols="xs12 sm6 md4" Multiline="0" overlap="pre" Name="GB_medicationid" Visible="false"><Ctrls>
<Label Align="Right" Text="medicationid" overlap="pre" Name="lb_medicationid" readonly="true" Size="60,20" Visible="false"/>
<TextBox Weight="170" Text="" ToolTip="ttp_medicationid" overlap="pre" Name="medicationid" readonly="true" Size="170,20" Visible="false"/>
</Ctrls></GroupBox>
</Ctrls></GroupBox>