﻿<GroupBox Name="GBDVmedication" cols="xs12 sm12 md12 lg12" visible="0"><Ctrls>
<ListCtrl Name="medicationLst" ToolTip="ttp_medication" Size="70,20" visible="0" loadedclick="1">
	<DbDetails fcsm="1">
<Index>medicationid</Index>
<DbTable>his.medication</DbTable>
<Data>medication_no,kebie_name,doctor_no,patient_name,patient_sex,patient_age,patient_phoneno,patient_fresh,patient_address,patient_fallill_time,patient_intime,patient_allergy,patient_historyilldes,doctory_diagnosis,doctory_medicineprescript,doctory_medicinefundesc,doctory_usemethod,danji_price,jici,total_price,status,opera,uptime,medicationid,hpatient_illshow</Data>
<Order>medicationid</Order></DbDetails>
<OnClick><assign name="status[statuscode]" expr="%{medicationLst[status]}" function="SetSel"/><assign name="opera[user_id]" expr="%{medicationLst[opera]}" function="SetSel"/>
<if cond="'%{medicationid}'"><SetVisible name="insertmedication" Visible="0"/><SetVisible name="modifymedication" Visible="1"/></if>
</OnClick>
</ListCtrl>
</Ctrls></GroupBox>