﻿<GroupBox cols="xs12 sm12 md12 lg12" Name="GBDVmedication_detail"><Ctrls>
<ListCtrl Heading="medicineid,120;medicineno,250;medicinenocn,250;price,50;jiliang,50;xiaoji,50;status,120;time1,150;medication_detailid,100;medicationid,100;" loadedclick="0" ToolTip="ttp_medication_detail" Name="medication_detailLst" Size="700,450">
	<DbDetails fcsm="1">
<Index>medication_detailid</Index>
<DbTable>his.medication_detail m left join his.medicine_info m0 on m.medicineid=m0.medicineid left join his.status_option s on m.status=s.statuscode</DbTable>
<Data>m0.medicinenocn medicineid,m.medicineno,m.medicinenocn,m.price,m.jiliang,m.xiaoji,s.statusname status,m.time1,m.medication_detailid,m.medicationid</Data>
<Order>medication_detailid</Order></DbDetails>%{}
<operator firstpage="0" nextpage="0" refresh="1" initial="0" prepage="0">
<op mustselected="0" text="addone"><if cond="!%{medicationid}"><alert expr="medicationid is Empty!"/><else/><submit next="$parent.medication_detail.GBDEDITmedication_detail" function="reset"/><assign name="$parent.medication_detail.medicationid" expr="%{medicationid}"/><assign name="$parent.medication_detail.frmwndctrl" expr="%{this}"/></if></op>
<op text="modify"><DbDetails><Where>medication_detailid='%{medication_detail_vLst[medication_detailid]}'</Where></DbDetails><submit next="$parent.medication_detail.medication_detailLst" namelist="DbDetails"/><assign name="$parent.medication_detail.frmwndctrl" expr="%{this}"/></op>
<op text="delete" needconfirm="1"><DbDetails>
<DbTable>his.medication_detail</DbTable>
<Where>medication_detailid='%{medication_detail_vLst[medication_detailid]}'</Where>
<queryFormat>delete from %{table} where %{where}</queryFormat></DbDetails>
<submit namelist="DbDetails"/><submit/></op>
</operator>
</ListCtrl>
</Ctrls></GroupBox>