﻿<GroupBox Name="GBDEDITmedication"><Ctrls>
<GroupBox cols="xs12 sm6 md4" Multiline="0" Name="GB_medication_no"><Ctrls>
<Label Align="Right" Text="medication_no" Name="lb_medication_no" Size="60,20"/>
<TextBox Weight="170" Text="" ToolTip="ttp_medication_no" Name="medication_no" Size="170,20"/>
</Ctrls></GroupBox>
<GroupBox cols="xs12 sm6 md4" Multiline="0" Name="GB_kebie_name"><Ctrls>
<Label Align="Right" Text="kebie_name" Name="lb_kebie_name" Size="60,20"/>
<TextBox Weight="170" Text="" ToolTip="ttp_kebie_name" Name="kebie_name" Size="170,20"/>
</Ctrls></GroupBox>
<GroupBox cols="xs12 sm6 md4" Multiline="0" Name="GB_doctor_no"><Ctrls>
<Label Align="Right" Text="doctor_no" Name="lb_doctor_no" Size="60,20"/>
<TextBox Weight="170" Text="" ToolTip="ttp_doctor_no" Name="doctor_no" Size="170,20"/>
</Ctrls></GroupBox>
<BR AutoHeight="1"/><GroupBox cols="xs12 sm6 md4" Multiline="0" Name="GB_patient_name"><Ctrls>
<Label Align="Right" Text="patient_name" Name="lb_patient_name" Size="60,20"/>
<TextBox Weight="170" Text="" ToolTip="ttp_patient_name" Name="patient_name" Size="170,20"/>
</Ctrls></GroupBox>
<GroupBox cols="xs12 sm6 md4" Multiline="0" Name="GB_patient_sex"><Ctrls>
<Label Align="Right" Text="patient_sex" Name="lb_patient_sex" Size="60,20"/>
<TextBox Weight="170" Text="" ToolTip="ttp_patient_sex" Name="patient_sex" Size="170,20"/>
</Ctrls></GroupBox>
<GroupBox cols="xs12 sm6 md4" Multiline="0" Name="GB_patient_age"><Ctrls>
<Label Align="Right" Text="patient_age" Name="lb_patient_age" Size="60,20"/>
<TextBox Weight="170" Text="" ToolTip="ttp_patient_age" Name="patient_age" Size="170,20"/>
</Ctrls></GroupBox>
<BR AutoHeight="1"/><GroupBox cols="xs12 sm6 md4" Multiline="0" Name="GB_patient_phoneno"><Ctrls>
<Label Align="Right" Text="patient_phoneno" Name="lb_patient_phoneno" Size="60,20"/>
<TextBox Weight="150" Text="" ToolTip="ttp_patient_phoneno" Name="patient_phoneno" Size="150,20"/>
<MagicCtrl ToolTip="DialToCall" Name="dialpatient_phoneno" OnClick="nis3ucs:%{patient_phoneno}" images=" ,data/startcall_green.png" button="type:0" Size="20,20"/>
</Ctrls></GroupBox>
<GroupBox cols="xs12 sm6 md4" Multiline="0" Name="GB_patient_fresh"><Ctrls>
<CheckBox Text="patient_fresh" ToolTip="ttp_patient_fresh" Name="patient_fresh" Size="230,20"/>
</Ctrls></GroupBox>
<GroupBox cols="xs12 sm6 md4" Multiline="0" Name="GB_patient_address"><Ctrls>
<Label Align="Right" Text="patient_address" Name="lb_patient_address" Size="60,20"/>
<TextBox Weight="170" Text="" ToolTip="ttp_patient_address" Name="patient_address" Size="170,20"/>
</Ctrls></GroupBox>
<BR AutoHeight="1"/><GroupBox cols="xs12 sm6 md4" Multiline="0" Name="GB_patient_fallill_time"><Ctrls>
<Label Align="Right" Text="patient_fallill_time" Name="lb_patient_fallill_time" Size="60,20"/>
<DateTime Weight="170" Text="" ToolTip="ttp_patient_fallill_time" Name="patient_fallill_time" Size="170,20" Format="yyyy-MM-dd HH:mm:ss"/>
</Ctrls></GroupBox>
<GroupBox cols="xs12 sm6 md4" Multiline="0" Name="GB_patient_intime"><Ctrls>
<Label Align="Right" Text="patient_intime" Name="lb_patient_intime" Size="60,20"/>
<DateTime Weight="170" Text="" ToolTip="ttp_patient_intime" Name="patient_intime" Size="170,20" Format="yyyy-MM-dd HH:mm:ss"/>
</Ctrls></GroupBox>
<GroupBox cols="xs12 sm6 md4" Multiline="0" Name="GB_patient_allergy"><Ctrls>
<Label Align="Right" Text="patient_allergy" Name="lb_patient_allergy" Size="60,20"/>
<TextBox Weight="170" Text="" ToolTip="ttp_patient_allergy" Name="patient_allergy" Size="170,20"/>
</Ctrls></GroupBox>
<BR AutoHeight="1"/><GroupBox cols="xs12 sm6 md4" Multiline="0" Name="GB_patient_historyilldes"><Ctrls>
<Label Align="Right" Text="patient_historyilldes" Name="lb_patient_historyilldes" Size="60,20"/>
<TextBox Weight="170" Text="" ToolTip="ttp_patient_historyilldes" Name="patient_historyilldes" Size="170,20"/>
</Ctrls></GroupBox>
<GroupBox cols="xs12 sm6 md4" Multiline="0" Name="GB_doctory_diagnosis"><Ctrls>
<Label Align="Right" Text="doctory_diagnosis" Name="lb_doctory_diagnosis" Size="60,20"/>
<TextBox Weight="170" Text="" ToolTip="ttp_doctory_diagnosis" Name="doctory_diagnosis" Size="170,20"/>
</Ctrls></GroupBox>
<GroupBox cols="xs12 sm6 md4" Multiline="0" Name="GB_doctory_medicineprescript"><Ctrls>
<Label Align="Right" Text="doctory_medicineprescript" Name="lb_doctory_medicineprescript" Size="60,20"/>
<TextBox Weight="170" Text="" ToolTip="ttp_doctory_medicineprescript" Name="doctory_medicineprescript" Size="170,20"/>
</Ctrls></GroupBox>
<BR AutoHeight="1"/><GroupBox cols="xs12 sm6 md4" Multiline="0" Name="GB_doctory_medicinefundesc"><Ctrls>
<Label Align="Right" Text="doctory_medicinefundesc" Name="lb_doctory_medicinefundesc" Size="60,20"/>
<TextBox Weight="170" Text="" ToolTip="ttp_doctory_medicinefundesc" Name="doctory_medicinefundesc" Size="170,20"/>
</Ctrls></GroupBox>
<GroupBox cols="xs12 sm6 md4" Multiline="0" Name="GB_doctory_usemethod"><Ctrls>
<Label Align="Right" Text="doctory_usemethod" Name="lb_doctory_usemethod" Size="60,20"/>
<TextBox Weight="170" Text="" ToolTip="ttp_doctory_usemethod" Name="doctory_usemethod" Size="170,20"/>
</Ctrls></GroupBox>
<GroupBox cols="xs12 sm6 md4" Multiline="0" Name="GB_danji_price"><Ctrls>
<Label Align="Right" Text="danji_price" Name="lb_danji_price" Size="60,20"/>
<TextBox Weight="170" Text="" ToolTip="ttp_danji_price" Name="danji_price" Size="170,20"/>
</Ctrls></GroupBox>
<BR AutoHeight="1"/><GroupBox cols="xs12 sm6 md4" Multiline="0" Name="GB_jici"><Ctrls>
<Label Align="Right" Text="jici" Name="lb_jici" Size="60,20"/>
<TextBox Weight="170" Text="" ToolTip="ttp_jici" Name="jici" Size="170,20"/>
</Ctrls></GroupBox>
<GroupBox cols="xs12 sm6 md4" Multiline="0" overlap="pre" Name="GB_total_price" Visible="false"><Ctrls>
<Label Align="Right" Text="total_price" overlap="pre" Name="lb_total_price" readonly="true" Size="60,20" Visible="false"/>
<TextBox Weight="170" Text="" ToolTip="ttp_total_price" overlap="pre" Name="total_price" readonly="true" Size="170,20" Visible="false"/>
</Ctrls></GroupBox>
<GroupBox cols="xs12 sm6 md4" Multiline="0" Name="GB_status"><Ctrls>
<Label Align="Right" Text="status" onload="init" Name="lb_status" Size="60,20"/>
<ComboBox Weight="170" Text="" ToolTip="ttp_status" onload="init" Name="status" Size="170,100">
	<DbDetails>
<Index>statuscode</Index>
<DbTable>his.status_option</DbTable>
<Data>statusname,statuscode</Data>
<Where>statustype=2</Where>
<queryFormat/></DbDetails></ComboBox>
</Ctrls></GroupBox>
<GroupBox cols="xs12 sm6 md4" Multiline="0" overlap="pre" Name="GB_opera" Visible="false"><Ctrls>
<Label Align="Right" Text="opera" overlap="pre" Name="lb_opera" readonly="true" Size="60,20" Visible="false"/>
<TextBox Weight="170" Text="" ToolTip="ttp_opera" overlap="pre" Name="opera" readonly="true" Size="170,20" Visible="false">
	<DbDetails>
<Index>user_id</Index>
<DbTable>his.users</DbTable>
<Data>user_name,user_id</Data>
<Where/>
<queryFormat/></DbDetails></TextBox>
</Ctrls></GroupBox>
<GroupBox cols="xs12 sm6 md4" Multiline="0" overlap="pre" Name="GB_uptime" Visible="false"><Ctrls>
<Label Align="Right" Text="uptime" overlap="pre" Name="lb_uptime" readonly="true" Size="60,20" Visible="false"/>
<DateTime Weight="170" Text="" ToolTip="ttp_uptime" overlap="pre" Name="uptime" readonly="true" Size="170,20" Visible="false" Format="yyyy-MM-dd HH:mm:ss"/>
</Ctrls></GroupBox>
<GroupBox cols="xs12 sm6 md4" Multiline="0" overlap="pre" Name="GB_medicationid" Visible="false"><Ctrls>
<Label Align="Right" Text="medicationid" overlap="pre" Name="lb_medicationid" readonly="true" Size="60,20" Visible="false"/>
<TextBox Weight="170" Text="" ToolTip="ttp_medicationid" overlap="pre" Name="medicationid" readonly="true" Size="170,20" Visible="false"><OnEnChange><if cond="'%{medicationid}'"><SetVisible name="insertmedication" Visible="0"/><SetVisible name="modifymedication" Visible="1"/><else/><SetVisible name="insertmedication" Visible="1"/><SetVisible name="modifymedication" Visible="0"/></if><if cond="'%{medicationid}'"><DbDetails><Where>medicationid='%{medicationid}'</Where></DbDetails><submit next="medication_detail_vLst" namelist="DbDetails"/><else/><submit next="medication_detail_vLst" function="resetcontent"/></if></OnEnChange></TextBox>
</Ctrls></GroupBox>
<GroupBox cols="xs12 sm6 md4" Multiline="0" Name="GB_hpatient_illshow"><Ctrls>
<Label Align="Right" Text="hpatient_illshow" Name="lb_hpatient_illshow" Size="60,20"/>
<TextBox Weight="170" Text="" ToolTip="ttp_hpatient_illshow" Name="hpatient_illshow" Size="170,20"/>
</Ctrls></GroupBox>
</Ctrls></GroupBox>