﻿<GroupBox cols="xs12 sm12 md12 lg12" Name="GBDVmedi_trans"><Ctrls>
<ListCtrl Heading="medicationid,120;medication_detailid,120;medicineid,120;bottleid,120;cabinetid,120;cabinet_cellid,120;equipmentid,120;equipment_posid,120;equipment_pos_degree,30;qtyapply,90;qtyrelease,90;opera,55;uptime,150;transid,100;" loadedclick="0" ToolTip="ttp_medi_trans" Name="medi_transLst" Size="700,450">
	<DbDetails fcsm="1">
<Index>transid</Index>
<DbTable>his.medi_trans m left join his.medication m0 on m.medicationid=m0.medicationid left join his.medication_detail m1 on m.medication_detailid=m1.medication_detailid left join his.medicine_info m2 on m.medicineid=m2.medicineid left join his.bottle_info b on m.bottleid=b.bottleid left join his.cabinet c on m.cabinetid=c.cabinetid left join his.cabinet_cell c0 on m.cabinet_cellid=c0.cellid left join his.equipment e on m.equipmentid=e.equipmentid left join his.equipment_pos e0 on m.equipment_posid=e0.equipmentid left join his.users u on m.opera=u.user_id</DbTable>
<Data>m0.medication_no medicationid,m1.medicineno medication_detailid,m2.medicinenocn medicineid,b.bottleno bottleid,c.cabinetname cabinetid,concat(cell_row,'-',cell_col),e.equipmentno equipmentid,e0.pos_idx equipment_posid,m.equipment_pos_degree,m.qtyapply,m.qtyrelease,u.user_name opera,m.uptime,m.transid</Data>
<Order>transid</Order></DbDetails>%{}
<operator firstpage="0" nextpage="0" refresh="1" initial="0" prepage="0">
<op text="modify"><DbDetails><Where>transid='%{medi_trans_vLst[transid]}'</Where></DbDetails><submit next="$this.medi_trans.medi_transLst" namelist="DbDetails"/><assign name="$this.medi_trans.frmwndctrl" expr="%{this}"/></op>
<op text="delete" needconfirm="1"><DbDetails>
<DbTable>his.medi_trans</DbTable>
<Where>transid='%{medi_trans_vLst[transid]}'</Where>
<queryFormat>delete from %{table} where %{where}</queryFormat></DbDetails>
<submit namelist="DbDetails"/><submit/></op>
</operator>
</ListCtrl>
</Ctrls></GroupBox>