﻿<WndTap Name="medication_detail_v" Text="medication_detail_v">
<WndTaps>
<xi:include xmlns:xi="http://www.w3.org/2001/XInclude" href="medication_detail_Ve.xml" popup="1"/>
</WndTaps>
<var name="searchtmpl"><medicineid format="m.medicineid='%{opvalue}'"/><medicineno format="(m.medicineno like '%%{opvalue}%')"/><medicinenocn format="(m.medicinenocn like '%%{opvalue}%')"/><price format="(m.price like '%%{opvalue}%')"/><jiliang format="(m.jiliang like '%%{opvalue}%')"/><xiaoji format="(m.xiaoji like '%%{opvalue}%')"/><status format="m.status='%{opvalue}'"/><time1 format="(m.time1 between '%{time1[datetime]}' and '%{time1[datetime2]}')"/><medication_detailid format="(m.medication_detailid like '%%{opvalue}%')"/><medicationid format="(m.medicationid like '%%{opvalue}%')"/></var>
<xi:include xmlns:xi="http://www.w3.org/2001/XInclude" href="lan\medication_detail.xml"/>
<Ctrls><GroupBox  Name="GBmedication_detail" id="medication_detail" Text="medication_detail" Size="100,100"><Ctrls>
<xi:include xmlns:xi="http://www.w3.org/2001/XInclude" href="medication_detail_Vs.xml"/>
<BR AutoHeight="1"/><GroupBox  Name="GBOPVmedication_detail" Size="100,20" cols="xs12 sm6 md4"><Ctrls>
<Button Text="addone" ToolTip="ttp_addone" Name="addone" Size="50,20">	<OnClick><submit next="$this.medication_detail.GBDEDITmedication_detail" function="reset"/><assign name="$this.medication_detail.frmwndctrl" expr="%{$this.medication_detail_vLst}"/></OnClick>	</Button><TAB/>	
<Button Text="reset" ToolTip="ttp_resetmedication_detail" Name="resetmedication_detail" Size="50,20">	<OnClick>	<submit next="GBDEDITmedication_detail" function="reset"/>	</OnClick>	</Button><TAB/>	
<Button Text="Search" ToolTip="ttp_gsearchmedication_detail" Name="gsearchmedication_detail" Size="50,20">	<OnClick>	
<search next="medication_detail_vLst" listed="0" prefixwhere="0" prefixand="0" inputed="1">%{searchtmpl}</search><submit next="GBDEDITmedication_detail" namelist="search" function="search"/>	
<search next="records_medication_detail" listed="0" prefixwhere="1" prefixand="0"  inputed="1">%{searchtmpl}</search><submit next="GBDEDITmedication_detail" namelist="search" function="search"/>	
</OnClick></Button><TAB/></Ctrls></GroupBox>
<xi:include xmlns:xi="http://www.w3.org/2001/XInclude" href="medication_detail_Vpg.xml"/>
<xi:include xmlns:xi="http://www.w3.org/2001/XInclude" href="medication_detail_Vpgop.xml"/>
<BR AutoHeight="1"/><xi:include xmlns:xi="http://www.w3.org/2001/XInclude" href="medication_detail_Vv.xml"/>
</Ctrls></GroupBox>
</Ctrls></WndTap>
