﻿<GroupBox cols="xs12 sm12 md12 lg12" Name="GBDVmedication"><Ctrls>
<ListCtrl Heading="medication_no,150;kebie_name,250;doctor_no,250;patient_name,250;patient_sex,25;patient_age,20;patient_phoneno,100;patient_fresh,60;patient_address,250;patient_fallill_time,150;patient_intime,150;patient_allergy,500;patient_historyilldes,500;doctory_diagnosis,500;doctory_medicineprescript,500;doctory_medicinefundesc,500;doctory_usemethod,500;danji_price,50;jici,25;total_price,50;status,120;opera,55;uptime,150;medicationid,100;hpatient_illshow,500;" loadedclick="0" ToolTip="ttp_medication" Name="medicationLst" Size="700,450">
	<DbDetails fcsm="1">
<Index>medicationid</Index>
<DbTable>his.medication m left join his.status_option s on m.status=s.statuscode left join his.users u on m.opera=u.user_id</DbTable>
<Data>m.medication_no,m.kebie_name,m.doctor_no,m.patient_name,m.patient_sex,m.patient_age,m.patient_phoneno,m.patient_fresh,m.patient_address,m.patient_fallill_time,m.patient_intime,m.patient_allergy,m.patient_historyilldes,m.doctory_diagnosis,m.doctory_medicineprescript,m.doctory_medicinefundesc,m.doctory_usemethod,m.danji_price,m.jici,m.total_price,s.statusname status,u.user_name opera,m.uptime,m.medicationid,m.hpatient_illshow</Data>
<Order>medicationid</Order></DbDetails>%{}
<operator firstpage="0" nextpage="0" refresh="1" initial="0" prepage="0">
<op text="modify"><DbDetails><Where>medicationid='%{medication_vLst[medicationid]}'</Where></DbDetails><submit next="$this.medication.medicationLst" namelist="DbDetails"/><assign name="$this.medication.frmwndctrl" expr="%{this}"/></op>
<op text="delete" needconfirm="1"><DbDetails>
<DbTable>his.medication</DbTable>
<Where>medicationid='%{medication_vLst[medicationid]}'</Where>
<queryFormat>delete from %{table} where %{where}</queryFormat></DbDetails>
<submit namelist="DbDetails"/><submit/></op>
</operator>
</ListCtrl>
</Ctrls></GroupBox>