﻿<WndTap Name="medi_trans" Text="medi_trans" Ver="2">
<var name="refreshAfterEdit" expr="2"/>
<var name="dataRequired" expr=""/>
<var name="dataRequireless" expr=""/>
<xi:include href="lan\medi_trans.xml" xmlns:xi="http://www.w3.org/2001/XInclude"/>
<Ctrls>
<GroupBox  Name="GBmedi_trans" id="medi_trans" Text="medi_trans" Size="100,100"><Ctrls>
<xi:include xmlns:xi="http://www.w3.org/2001/XInclude" href="medi_trans_GBDEDIT.xml"/>
<BR AutoHeight="1"/><xi:include xmlns:xi="http://www.w3.org/2001/XInclude" href="medi_trans_GBOPE.xml"/>
<xi:include xmlns:xi="http://www.w3.org/2001/XInclude" href="medi_trans_Vh.xml"/></Ctrls></GroupBox></Ctrls>
	<OnChanged></OnChanged>
	<OnActivate><SetVisible name="insertmedi_trans" Visible="1"/><SetVisible name="modifymedi_trans" Visible="0"/></OnActivate>
</WndTap>
