﻿<GroupBox cols="xs12 sm6 md4" Name="GBOPEmedication" Size="100,100"><Ctrls>
<Button sqlpkinsert="medicationid" Text="create" ToolTip="ttp_createmedication" Name="insertmedication" Size="50,20">
<OnClick>
<DbDetails mode="insert" fcsm="1">
<DbTable>his.medication</DbTable>
<Required>%{dataRequired}</Required>
<Requireless>%{dataRequireless}</Requireless>
<Data>medication_no,kebie_name,doctor_no,patient_name,patient_sex,patient_age,patient_phoneno,patient_fresh,patient_address,patient_fallill_time,patient_intime,patient_allergy,patient_historyilldes,doctory_diagnosis,doctory_medicineprescript,doctory_medicinefundesc,doctory_usemethod,danji_price,jici,total_price,status[statuscode],hpatient_illshow</Data>
<DataEx>opera;'%{operaid}'</DataEx>
<queryFormat>insert into %{table} %{data}</queryFormat></DbDetails>
<submit namelist="DbDetails"/><if cond="!%{insertmedication[broke]}"><if cond="%{refreshAfterEdit}==1"><submit next="medicationLst" delay="1000"/><elseif cond="%{refreshAfterEdit}==2"/><if cond="0"><if cond="'%{frmwndctrl}'"><submit next="%{frmwndctrl}" delay="1000"/><else/><submit next="$parent.medication_vLst" delay="1000"/></if></if></if></if>
	</OnClick>
	</Button><TAB/>
<Button Text="modify" ToolTip="ttp_modifymedication" Name="modifymedication" Size="50,20">
<OnClick>
<DbDetails mode="update" fcsm="1">
<DbTable>his.medication</DbTable>
<Required>%{dataRequired}</Required>
<Requireless>%{dataRequireless}</Requireless>
<Data>medication_no,kebie_name,doctor_no,patient_name,patient_sex,patient_age,patient_phoneno,patient_fresh,patient_address,patient_fallill_time,patient_intime,patient_allergy,patient_historyilldes,doctory_diagnosis,doctory_medicineprescript,doctory_medicinefundesc,doctory_usemethod,danji_price,jici,total_price,status[statuscode],hpatient_illshow</Data>
<DataEx>opera;'%{operaid}'</DataEx>
<Where>medicationid='%{medicationid}'</Where>
<queryFormat>update %{table} set %{data} where %{where}</queryFormat></DbDetails>
<submit namelist="DbDetails"/><if cond="!%{modifymedication[broke]}"><if cond="%{refreshAfterEdit}==1"><submit next="medicationLst" delay="1000"/><elseif cond="%{refreshAfterEdit}==2"/><if cond="'%{frmwndctrl}'"><submit next="%{frmwndctrl}" delay="1000"/><else/><submit next="$parent.medication_vLst" delay="1000"/></if></if></if>
	</OnClick>
</Button><TAB/>
<Button Text="reset" ToolTip="ttp_resetmedication" Name="resetmedication" Size="50,20">
<OnClick>
<submit next="GBDEDITmedication" function="reset"/>
	</OnClick>
</Button><TAB/>
<Button Text="Search" ToolTip="ttp_gsearchmedication" Name="gsearchmedication" Size="50,20" visible="false">
<OnClick>
<search next="medicationLst" listed="0" prefixwhere="0" prefixand="0" inputed="1"/><submit next="GBDEDITmedication" namelist="search" function="search"/>
	</OnClick>
</Button><TAB/>
</Ctrls></GroupBox>