﻿<GroupBox cols="xs12 sm6 md4" Name="GBOPEmedication_detail" Size="100,100"><Ctrls>
<Button sqlpkinsert="medication_detailid" Text="create" ToolTip="ttp_createmedication_detail" Name="insertmedication_detail" Size="50,20">
<OnClick>
<DbDetails mode="insert" fcsm="1">
<DbTable>his.medication_detail</DbTable>
<Required>%{dataRequired}</Required>
<Requireless>%{dataRequireless}</Requireless>
<Data>medicineid[medicineid],medicineno,medicinenocn,price,jiliang,xiaoji,medicationid</Data>
<DataEx>time1;now()</DataEx>
<queryFormat>insert into %{table} %{data}</queryFormat></DbDetails>
<submit namelist="DbDetails"/><if cond="!%{insertmedication_detail[broke]}"><if cond="%{refreshAfterEdit}==1"><submit next="medication_detailLst" delay="1000"/><elseif cond="%{refreshAfterEdit}==2"/><if cond="1"><if cond="'%{frmwndctrl}'"><submit next="%{frmwndctrl}" delay="1000"/><else/><submit next="$parent.medication_detail_vLst" delay="1000"/></if></if></if></if>
	</OnClick>
	</Button><TAB/>
<Button Text="modify" ToolTip="ttp_modifymedication_detail" Name="modifymedication_detail" Size="50,20">
<OnClick>
<DbDetails mode="update" fcsm="1">
<DbTable>his.medication_detail</DbTable>
<Required>%{dataRequired}</Required>
<Requireless>%{dataRequireless}</Requireless>
<Data>medicineid[medicineid],medicineno,medicinenocn,price,jiliang,xiaoji,medicationid</Data>
<DataEx>time1;now()</DataEx>
<Where>medication_detailid='%{medication_detailid}'</Where>
<queryFormat>update %{table} set %{data} where %{where}</queryFormat></DbDetails>
<submit namelist="DbDetails"/><if cond="!%{modifymedication_detail[broke]}"><if cond="%{refreshAfterEdit}==1"><submit next="medication_detailLst" delay="1000"/><elseif cond="%{refreshAfterEdit}==2"/><if cond="'%{frmwndctrl}'"><submit next="%{frmwndctrl}" delay="1000"/><else/><submit next="$parent.medication_detail_vLst" delay="1000"/></if></if></if>
	</OnClick>
</Button><TAB/>
<Button Text="reset" ToolTip="ttp_resetmedication_detail" Name="resetmedication_detail" Size="50,20">
<OnClick>
<submit next="GBDEDITmedication_detail" function="reset"/>
	</OnClick>
</Button><TAB/>
<Button Text="Search" ToolTip="ttp_gsearchmedication_detail" Name="gsearchmedication_detail" Size="50,20" visible="false">
<OnClick>
<search next="medication_detailLst" listed="0" prefixwhere="0" prefixand="0" inputed="1"/><submit next="GBDEDITmedication_detail" namelist="search" function="search"/>
	</OnClick>
</Button><TAB/>
</Ctrls></GroupBox>