﻿<?xml version="1.0" encoding="UTF-8"?><WndTap Text="medicine_info" Name="medicine_info" Ver="2">
<var name="refreshAfterEdit" expr="1"/>
<var name="dataRequired" expr=""/>
<var name="dataRequireless" expr=""/>
<xi:include xmlns:xi="http://www.w3.org/2001/XInclude" href="lan\medicine_info.xml"/>
<Ctrls>
<GroupBox Text="medicine_info" Name="GBmedicine_info" id="medicine_info" Size="100,100"><Ctrls>
<xi:include xmlns:xi="http://www.w3.org/2001/XInclude" href="medicine_info_GBDEDIT.xml"></xi:include><BR AutoHeight="1"/><xi:include xmlns:xi="http://www.w3.org/2001/XInclude" href="medicine_info_GBOPE.xml"></xi:include>
<TAB/><xi:include xmlns:xi="http://www.w3.org/2001/XInclude" href="medicine_info_GBOPV.xml"></xi:include>
<BR/><xi:include xmlns:xi="http://www.w3.org/2001/XInclude" href="medicine_info_GBDV.xml"></xi:include></Ctrls></GroupBox>
</Ctrls>
	<OnChanged/>
	<OnActivate/>
	</WndTap>