﻿<GroupBox cols="xs12 sm6 md4" Multiline="0" Name="GBPGstockbaseinfo"><Ctrls>
<Label Align="Right" Text="Records" Name="lb_Records" Size="60,20"/>
<TextBox Weight="30" ToolTip="ttp_records" Name="records_stockbaseinfo" Size="40,20" OnLoad="init" readonly="1">
	<DbDetails fcsm="1">
<Index>stockid</Index>
<DbTable>his.stockbaseinfo s left join his.users u on s.opera=u.user_id</DbTable>
<Data>count(*) records</Data>
<Order>stockid</Order><Queryformat>select %{data} from (select s.stockid from %{dbtable} %{where} GROUP BY s.stockid  ORDER BY s.stockid) t</Queryformat></DbDetails>
<OnEnchange>
<assign name="pgs_stockbaseinfo" expr="js(Math.ceil(%{records_stockbaseinfo}/%{stockbaseinfo_vLst[countsperpage]}))"/>
<assign name="pgscb_stockbaseinfo" expr="js('1~'+Math.ceil(%{records_stockbaseinfo}/%{stockbaseinfo_vLst[countsperpage]}))" function="setitems"/>
</OnEnchange>
</TextBox>
<!--ComboBox Weight="60" ToolTip="ttp_pgs" Name="pgscb_stockbaseinfo" Size="60,20"><OnSelEndOK><submit next="stockbaseinfo_vLst" function="GetPage(%{pgscb_stockbaseinfo}-1)"/></OnSelEndOK></ComboBox-->
<TextBox Weight="30" ToolTip="ttp_pgs" Name="pgs_stockbaseinfo" Size="30,20" readonly="1"/>
<TextBox Weight="30" ToolTip="ttp_pgcur" Name="pgcur_stockbaseinfo" Size="30,20"/>
<Button Text="go2Page" Name="go2pagestockbaseinfo_vLst" Size="50,20"><OnClick><submit next="stockbaseinfo_vLst" function="GetPage(%{pgcur_stockbaseinfo}-1)"/></OnClick></Button>
</Ctrls></GroupBox>
