﻿<WndTap Name="bottle_info_v" Text="bottle_info_v">
<WndTaps>
<xi:include xmlns:xi="http://www.w3.org/2001/XInclude" href="stocklocationinfo_Ve.xml" popup="1"/>
</WndTaps>
<var name="searchtmpl"><stockno format="(s.stockno like '%%{opvalue}%')"/><location_no format="(s.location_no like '%%{opvalue}%')"/><location_name format="(s.location_name like '%%{opvalue}%')"/><location_guige format="(s.location_guige like '%%{opvalue}%')"/><location_status format="(s.location_status like '%%{opvalue}%')"/><memo format="(s.memo like '%%{opvalue}%')"/><insert_time format="(s.insert_time between '%{insert_time[datetime]}' and '%{insert_time[datetime2]}')"/><delemp format="(s.delemp like '%%{opvalue}%')"/><deltime format="(s.deltime between '%{deltime[datetime]}' and '%{deltime[datetime2]}')"/><opera format="s.opera='%{opvalue}'"/><locationid format="(s.locationid like '%%{opvalue}%')"/><stockid format="(s.stockid like '%%{opvalue}%')"/></var>
<xi:include xmlns:xi="http://www.w3.org/2001/XInclude" href="lan\stocklocationinfo.xml"/>
<Ctrls><GroupBox  Name="GBstocklocationinfo" id="stocklocationinfo" Text="stocklocationinfo" Size="100,100"><Ctrls>
<xi:include xmlns:xi="http://www.w3.org/2001/XInclude" href="stocklocationinfo_Vs.xml"/>
<BR AutoHeight="1"/><GroupBox  Name="GBOPVstocklocationinfo" Size="100,20" cols="xs12 sm6 md4"><Ctrls>
<Button Text="addone" ToolTip="ttp_addone" Name="addone" Size="50,20">	<OnClick><submit next="$this.bottle_info.GBDEDITstocklocationinfo" function="reset"/><assign name="$this.bottle_info.frmwndctrl" expr="%{$this.stocklocationinfo_vLst}"/></OnClick>	</Button><TAB/>	
<Button Text="reset" ToolTip="ttp_resetstocklocationinfo" Name="resetstocklocationinfo" Size="50,20">	<OnClick>	<submit next="GBDEDITstocklocationinfo" function="reset"/>	</OnClick>	</Button><TAB/>	
<Button Text="Search" ToolTip="ttp_gsearchstocklocationinfo" Name="gsearchstocklocationinfo" Size="50,20">	<OnClick>	
<search next="stocklocationinfo_vLst" listed="0" prefixwhere="0" prefixand="0" inputed="1">%{searchtmpl}</search><submit next="GBDEDITstocklocationinfo" namelist="search" function="search"/>	
<search next="records_stocklocationinfo" listed="0" prefixwhere="1" prefixand="0"  inputed="1">%{searchtmpl}</search><submit next="GBDEDITstocklocationinfo" namelist="search" function="search"/>	
</OnClick></Button><TAB/></Ctrls></GroupBox>
<xi:include xmlns:xi="http://www.w3.org/2001/XInclude" href="stocklocationinfo_Vpg.xml"/>
<xi:include xmlns:xi="http://www.w3.org/2001/XInclude" href="stocklocationinfo_Vpgop.xml"/>
<BR AutoHeight="1"/><xi:include xmlns:xi="http://www.w3.org/2001/XInclude" href="stocklocationinfo_Vv.xml"/>
</Ctrls></GroupBox>
</Ctrls></WndTap>
