﻿<GroupBox cols="xs12 sm6 md4" Name="GBOPVstocklocationinfo"><Ctrls>
<TAB/><Button Text="initial" ToolTip="ttp_initial" Name="initialstocklocationinfo" Size="50,20">
<OnClick><submit next="stocklocationinfo_vLst" function="initial"/><submit next="records_stocklocationinfo" function="initial"/></OnClick></Button>
<TAB/><Button Text="firstpage" Name="FPstocklocationinfo_vLst" Size="50,20">
<OnClick><submit next="stocklocationinfo_vLst" function="GetPage(first)"/><submit next="records_stocklocationinfo"/></OnClick></Button>
<Button Text="prepage" Name="PREstocklocationinfo_vLst" Size="50,20">
<OnClick><submit next="stocklocationinfo_vLst" function="GetPage(Pre)"/></OnClick></Button>
<Button Text="nextpage" Name="NPstocklocationinfo_vLst" Size="50,20">
<OnClick><submit next="stocklocationinfo_vLst" function="GetPage(Next)"/></OnClick></Button>
</Ctrls></GroupBox>
