﻿<?xml version="1.0" encoding="UTF-8"?><WndTap Text="stockbaseinfo" Name="stockbaseinfo" Ver="2">
<var name="refreshAfterEdit" expr="1"/>
<var name="dataRequired" expr=""/>
<var name="dataRequireless" expr=""/>
<xi:include xmlns:xi="http://www.w3.org/2001/XInclude" href="lan\stockbaseinfo.xml"/>
<xi:include xmlns:xi="http://www.w3.org/2001/XInclude" href="lan\stocklocationinfo.xml"/>
<Ctrls>
<GroupBox Text="stockbaseinfo" Name="GBstockbaseinfo" id="stockbaseinfo" Size="100,100"><Ctrls>
<xi:include xmlns:xi="http://www.w3.org/2001/XInclude" href="stockbaseinfo_GBDEDIT.xml"></xi:include><BR AutoHeight="1"/><xi:include xmlns:xi="http://www.w3.org/2001/XInclude" href="stockbaseinfo_GBOPE.xml"></xi:include>
<TAB/><xi:include xmlns:xi="http://www.w3.org/2001/XInclude" href="stockbaseinfo_GBOPV.xml"></xi:include>
<BR/><xi:include xmlns:xi="http://www.w3.org/2001/XInclude" href="stockbaseinfo_GBDV.xml"></xi:include></Ctrls></GroupBox>
</Ctrls>
	<OnChanged/>
	<OnActivate/>
	</WndTap>