﻿<GroupBox cols="xs12 sm12 md12 lg12" Name="GBDVstockbaseinfo"><Ctrls>
<ListCtrl Heading="stockno,25;stockname,250;guige,250;locations,250;memo,250;delemp,55;deltime,150;status,20;opera,55;uptime,150;stockid,55;" loadedclick="0" ToolTip="ttp_stockbaseinfo" Name="stockbaseinfoLst" Size="700,450">
	<DbDetails fcsm="1">
<Index>stockid</Index>
<DbTable>his.stockbaseinfo s left join his.users u on s.opera=u.user_id</DbTable>
<Data>s.stockno,s.stockname,s.guige,s.locations,s.memo,s.delemp,s.deltime,s.status,u.user_name opera,s.uptime,s.stockid</Data>
<Order>stockid</Order></DbDetails>%{}
<operator firstpage="0" nextpage="0" refresh="1" initial="0" prepage="0">
<op text="modify"><DbDetails><Where>stockid='%{stockbaseinfo_vLst[stockid]}'</Where></DbDetails><submit next="$this.stockbaseinfo.stockbaseinfoLst" namelist="DbDetails"/><assign name="$this.stockbaseinfo.frmwndctrl" expr="%{this}"/></op>
<op text="delete" needconfirm="1"><DbDetails>
<DbTable>his.stockbaseinfo</DbTable>
<Where>stockid='%{stockbaseinfo_vLst[stockid]}'</Where>
<queryFormat>delete from %{table} where %{where}</queryFormat></DbDetails>
<submit namelist="DbDetails"/><submit/></op>
</operator>
</ListCtrl>
</Ctrls></GroupBox>