﻿<GroupBox cols="xs12 sm6 md4" Name="GBOPEuser_role" Size="100,100"><Ctrls>
<Button sqlpkinsert="role_id" Text="create" ToolTip="ttp_createuser_role" Name="insertuser_role" Size="50,20">
<OnClick>
<DbDetails mode="insert" fcsm="1">
<DbTable>his.user_role</DbTable>
<Required>%{dataRequired}</Required>
<Requireless>%{dataRequireless}</Requireless>
<Data>role_name,layout</Data>
<DataEx>insert_time,insert_emp,opera;now(),'%{operaid}','%{operaid}'</DataEx>
<queryFormat>insert into %{table} %{data}</queryFormat></DbDetails>
<submit namelist="DbDetails"/><if cond="!%{insertuser_role[broke]}"><if cond="%{refreshAfterEdit}==1"><submit next="user_roleLst" delay="1000"/><elseif cond="%{refreshAfterEdit}==2"/><if cond="1"><if cond="'%{frmwndctrl}'"><submit next="%{frmwndctrl}" delay="1000"/><else/><submit next="$parent.user_role_vLst" delay="1000"/></if></if></if></if>
	</OnClick>
	</Button><TAB/>
<Button Text="modify" ToolTip="ttp_modifyuser_role" Name="modifyuser_role" Size="50,20">
<OnClick>
<DbDetails mode="update" fcsm="1">
<DbTable>his.user_role</DbTable>
<Required>%{dataRequired}</Required>
<Requireless>%{dataRequireless}</Requireless>
<Data>role_name,layout</Data>
<DataEx>opera;'%{operaid}'</DataEx>
<Where>role_id='%{role_id}'</Where>
<queryFormat>update %{table} set %{data} where %{where}</queryFormat></DbDetails>
<submit namelist="DbDetails"/><if cond="!%{modifyuser_role[broke]}"><if cond="%{refreshAfterEdit}==1"><submit next="user_roleLst" delay="1000"/><elseif cond="%{refreshAfterEdit}==2"/><if cond="'%{frmwndctrl}'"><submit next="%{frmwndctrl}" delay="1000"/><else/><submit next="$parent.user_role_vLst" delay="1000"/></if></if></if>
	</OnClick>
</Button><TAB/>
<Button Text="reset" ToolTip="ttp_resetuser_role" Name="resetuser_role" Size="50,20">
<OnClick>
<submit next="GBDEDITuser_role" function="reset"/>
	</OnClick>
</Button><TAB/>
<Button Text="Search" ToolTip="ttp_gsearchuser_role" Name="gsearchuser_role" Size="50,20" visible="false">
<OnClick>
<search next="user_roleLst" listed="0" prefixwhere="0" prefixand="0" inputed="1"/><submit next="GBDEDITuser_role" namelist="search" function="search"/>
	</OnClick>
</Button><TAB/>
</Ctrls></GroupBox>