﻿<GroupBox cols="xs12 sm6 md4" Multiline="0" Name="GBPGuser_role"><Ctrls>
<Label Align="Right" Text="Records" Name="lb_Records" Size="60,20"/>
<TextBox Weight="30" ToolTip="ttp_records" Name="records_user_role" Size="40,20" OnLoad="init" readonly="1">
	<DbDetails fcsm="1">
<Index>role_id</Index>
<DbTable>his.user_role u left join his.users u0 on u.opera=u0.user_id</DbTable>
<Data>count(*) records</Data>
<Order>role_id</Order><Queryformat>select %{data} from (select u.role_id from %{dbtable} %{where} GROUP BY u.role_id  ORDER BY u.role_id) t</Queryformat></DbDetails>
<OnEnchange>
<assign name="pgs_user_role" expr="js(Math.ceil(%{records_user_role}/%{user_role_vLst[countsperpage]}))"/>
<assign name="pgscb_user_role" expr="js('1~'+Math.ceil(%{records_user_role}/%{user_role_vLst[countsperpage]}))" function="setitems"/>
</OnEnchange>
</TextBox>
<!--ComboBox Weight="60" ToolTip="ttp_pgs" Name="pgscb_user_role" Size="60,20"><OnSelEndOK><submit next="user_role_vLst" function="GetPage(%{pgscb_user_role}-1)"/></OnSelEndOK></ComboBox-->
<TextBox Weight="30" ToolTip="ttp_pgs" Name="pgs_user_role" Size="30,20" readonly="1"/>
<TextBox Weight="30" ToolTip="ttp_pgcur" Name="pgcur_user_role" Size="30,20"/>
<Button Text="go2Page" Name="go2pageuser_role_vLst" Size="50,20"><OnClick><submit next="user_role_vLst" function="GetPage(%{pgcur_user_role}-1)"/></OnClick></Button>
</Ctrls></GroupBox>
