<?xml version="1.0" encoding="UTF-8"?><Tables><Table name="medication_detail_vvprint_ops"><Inputs><Attr>status</Attr><Value op="1" id="3">300</Value><Value op="1" id="4">301</Value><Value op="1" id="5">302</Value><Value op="1" id="6">303</Value><Value op="1" id="7">304</Value><Value op="1" id="8">305</Value><Value op="1" id="9">306</Value><Value/></Inputs><Inputs><Attr>roleid</Attr><Value/><Value/><Value/><Value/><Value/><Value/><Value/><Value/></Inputs><Outputs><Attr>title</Attr><Value op="1" id="10">prepare</Value><Value op="1" id="11">cabinet_pick;ind_shangdai</Value><Value op="1" id="12">equipment_weight1</Value><Value op="1" id="13">equipment_pos</Value><Value op="1" id="14">equipment_issue</Value><Value op="1" id="15">equipment_weight2</Value><Value op="1" id="16">cabinet_back;ind_fengdai</Value><Value/></Outputs><Outputs><Attr>disabled</Attr><Value op="1" id="17">false</Value><Value op="1" id="17">false</Value><Value op="1" id="17">false</Value><Value op="1" id="17">false</Value><Value op="1" id="17">false</Value><Value op="1" id="17">false</Value><Value op="1" id="17">false</Value><Value op="1" id="17">false</Value></Outputs></Table></Tables>