﻿<Language name="bottle_info">
<Lang name="bottle_info" value="bottle_info"/>
<Lang name="TabEditbottle_info" value="bottle_info Edit"/>
<Lang name="TabViewbottle_info" value="bottle_info View"/>
<Lang name="bottleno" value=""/>
<Lang name="ttp_bottleno" value="瓶号"/>
<Lang name="medicineid" value=""/>
<Lang name="ttp_medicineid" value=""/>
<Lang name="medicineno" value=""/>
<Lang name="ttp_medicineno" value="药码"/>
<Lang name="inqty" value=""/>
<Lang name="ttp_inqty" value="绑定的重量"/>
<Lang name="uses_flag" value=""/>
<Lang name="ttp_uses_flag" value="使用状态"/>
<Lang name="outqty" value=""/>
<Lang name="ttp_outqty" value="下柜重量"/>
<Lang name="uses_time" value=""/>
<Lang name="ttp_uses_time" value="使用时间"/>
<Lang name="outtime" value=""/>
<Lang name="ttp_outtime" value="退回时间"/>
<Lang name="backstock_time" value=""/>
<Lang name="ttp_backstock_time" value="回库时间"/>
<Lang name="backstock_emp" value=""/>
<Lang name="ttp_backstock_emp" value="回库人"/>
<Lang name="backstock_qty" value=""/>
<Lang name="ttp_backstock_qty" value="回库数量"/>
<Lang name="backstock_memo" value=""/>
<Lang name="ttp_backstock_memo" value="回库备注"/>
<Lang name="bottleid" value=""/>
<Lang name="ttp_bottleid" value=""/>
<Lang name="opera" value=""/>
<Lang name="ttp_opera" value="操作者"/>
<Lang name="uptime" value=""/>
<Lang name="ttp_uptime" value="更新时间"/>
<Lang name="ttp_operationbottle_info" value=""/>
<Lang name="ttp_createbottle_info" value=""/>
<Lang name="ttp_modifybottle_info" value=""/>
<Lang name="ttp_resetbottle_info" value=""/>
<Lang name="ttp_deletebottle_info" value=""/>
<Lang name="ttp_refreshbottle_info" value=""/>
<Lang name="operation" value=""/>
<Lang name="create" value=""/>
<Lang name="modify" value=""/>
<Lang name="reset" value=""/>
<Lang name="delete" value=""/>
<Lang name="refresh" value=""/>
<Lang name="firstpage" value=""/>
<Lang name="prepage" value=""/>
<Lang name="nextpage" value=""/>
</Language>
