﻿<Language name="department">
<Lang name="department" value="department"/>
<Lang name="TabEditdepartment" value="department Edit"/>
<Lang name="TabViewdepartment" value="department View"/>
<Lang name="departname" value=""/>
<Lang name="ttp_departname" value="部门名"/>
<Lang name="opera" value=""/>
<Lang name="ttp_opera" value="操作者"/>
<Lang name="uptime" value=""/>
<Lang name="ttp_uptime" value="更新时间"/>
<Lang name="departmentid" value=""/>
<Lang name="ttp_departmentid" value=""/>
<Lang name="ttp_operationdepartment" value=""/>
<Lang name="ttp_createdepartment" value=""/>
<Lang name="ttp_modifydepartment" value=""/>
<Lang name="ttp_resetdepartment" value=""/>
<Lang name="ttp_deletedepartment" value=""/>
<Lang name="ttp_refreshdepartment" value=""/>
<Lang name="operation" value=""/>
<Lang name="create" value=""/>
<Lang name="modify" value=""/>
<Lang name="reset" value=""/>
<Lang name="delete" value=""/>
<Lang name="refresh" value=""/>
<Lang name="firstpage" value=""/>
<Lang name="prepage" value=""/>
<Lang name="nextpage" value=""/>
</Language>
