﻿<Language name="hisname">
<Lang name="hisname" value="hisname"/>
<Lang name="TabEdithisname" value="hisname Edit"/>
<Lang name="TabViewhisname" value="hisname View"/>
<Lang name="hisname" value=""/>
<Lang name="ttp_hisname" value="医院名"/>
<Lang name="hisno" value=""/>
<Lang name="ttp_hisno" value="医院编号"/>
<Lang name="hisnameid" value=""/>
<Lang name="ttp_hisnameid" value=""/>
<Lang name="opera" value=""/>
<Lang name="ttp_opera" value="工号"/>
<Lang name="uptime" value=""/>
<Lang name="ttp_uptime" value="时间"/>
<Lang name="ttp_operationhisname" value=""/>
<Lang name="ttp_createhisname" value=""/>
<Lang name="ttp_modifyhisname" value=""/>
<Lang name="ttp_resethisname" value=""/>
<Lang name="ttp_deletehisname" value=""/>
<Lang name="ttp_refreshhisname" value=""/>
<Lang name="operation" value=""/>
<Lang name="create" value=""/>
<Lang name="modify" value=""/>
<Lang name="reset" value=""/>
<Lang name="delete" value=""/>
<Lang name="refresh" value=""/>
<Lang name="firstpage" value=""/>
<Lang name="prepage" value=""/>
<Lang name="nextpage" value=""/>
</Language>
