﻿<Language name="instock_log">
<Lang name="instock_log" value="instock_log"/>
<Lang name="TabEditinstock_log" value="instock_log Edit"/>
<Lang name="TabViewinstock_log" value="instock_log View"/>
<Lang name="medicineid" value=""/>
<Lang name="ttp_medicineid" value=""/>
<Lang name="bottleid" value=""/>
<Lang name="ttp_bottleid" value=""/>
<Lang name="receiveempid" value=""/>
<Lang name="ttp_receiveempid" value=""/>
<Lang name="receiveemp" value=""/>
<Lang name="ttp_receiveemp" value="接收人"/>
<Lang name="stockno" value=""/>
<Lang name="ttp_stockno" value="仓库号"/>
<Lang name="locationno" value=""/>
<Lang name="ttp_locationno" value="储位"/>
<Lang name="po" value=""/>
<Lang name="ttp_po" value="入库单号"/>
<Lang name="bottleno" value=""/>
<Lang name="ttp_bottleno" value=""/>
<Lang name="medicineno" value=""/>
<Lang name="ttp_medicineno" value="药编码"/>
<Lang name="manufacturer" value=""/>
<Lang name="ttp_manufacturer" value="厂商"/>
<Lang name="intype" value=""/>
<Lang name="ttp_intype" value="入库类型"/>
<Lang name="validday" value=""/>
<Lang name="ttp_validday" value="有效期"/>
<Lang name="weight" value=""/>
<Lang name="ttp_weight" value="重量"/>
<Lang name="memo" value=""/>
<Lang name="ttp_memo" value="备注"/>
<Lang name="inserttime" value=""/>
<Lang name="ttp_inserttime" value="插入时间"/>
<Lang name="delemp" value=""/>
<Lang name="ttp_delemp" value="删除人"/>
<Lang name="deltime" value=""/>
<Lang name="ttp_deltime" value="删除时间"/>
<Lang name="opera" value=""/>
<Lang name="ttp_opera" value="操作者"/>
<Lang name="inempid" value=""/>
<Lang name="ttp_inempid" value=""/>
<Lang name="inemp" value=""/>
<Lang name="ttp_inemp" value="入库人"/>
<Lang name="instockid" value=""/>
<Lang name="ttp_instockid" value=""/>
<Lang name="ttp_operationinstock_log" value=""/>
<Lang name="ttp_createinstock_log" value=""/>
<Lang name="ttp_modifyinstock_log" value=""/>
<Lang name="ttp_resetinstock_log" value=""/>
<Lang name="ttp_deleteinstock_log" value=""/>
<Lang name="ttp_refreshinstock_log" value=""/>
<Lang name="operation" value=""/>
<Lang name="create" value=""/>
<Lang name="modify" value=""/>
<Lang name="reset" value=""/>
<Lang name="delete" value=""/>
<Lang name="refresh" value=""/>
<Lang name="firstpage" value=""/>
<Lang name="prepage" value=""/>
<Lang name="nextpage" value=""/>
</Language>
