﻿<Language name="medication">
<Lang name="medication" value="medication"/>
<Lang name="TabEditmedication" value="medication Edit"/>
<Lang name="TabViewmedication" value="medication View"/>
<Lang name="medication_no" value=""/>
<Lang name="ttp_medication_no" value="处方号"/>
<Lang name="kebie_name" value=""/>
<Lang name="ttp_kebie_name" value="科别"/>
<Lang name="doctor_no" value=""/>
<Lang name="ttp_doctor_no" value="医生"/>
<Lang name="huanzhe_name" value=""/>
<Lang name="ttp_huanzhe_name" value="姓名"/>
<Lang name="huanzhe_sex" value=""/>
<Lang name="ttp_huanzhe_sex" value="性别"/>
<Lang name="huanzhe_age" value=""/>
<Lang name="ttp_huanzhe_age" value="年龄"/>
<Lang name="huanzhe_phoneno" value=""/>
<Lang name="ttp_huanzhe_phoneno" value="电话"/>
<Lang name="huanzhe_fresh" value=""/>
<Lang name="ttp_huanzhe_fresh" value="是否首次"/>
<Lang name="huanzhe_address" value=""/>
<Lang name="ttp_huanzhe_address" value="地址"/>
<Lang name="huanzhe_fallill_time" value=""/>
<Lang name="ttp_huanzhe_fallill_time" value="生病时间"/>
<Lang name="huanzhe_intime" value=""/>
<Lang name="ttp_huanzhe_intime" value="看病时间"/>
<Lang name="huanzhe_allergy" value=""/>
<Lang name="ttp_huanzhe_allergy" value="过敏史"/>
<Lang name="huanzhe_historyilldes" value=""/>
<Lang name="ttp_huanzhe_historyilldes" value="病史"/>
<Lang name="huanzhe_illshow" value=""/>
<Lang name="ttp_huanzhe_illshow" value="病表现"/>
<Lang name="doctory_diagnosis" value=""/>
<Lang name="ttp_doctory_diagnosis" value="诊断"/>
<Lang name="doctory_medicineprescript" value=""/>
<Lang name="ttp_doctory_medicineprescript" value="药方"/>
<Lang name="doctory_medicinefundesc" value=""/>
<Lang name="ttp_doctory_medicinefundesc" value="药效"/>
<Lang name="doctory_usemethod" value=""/>
<Lang name="ttp_doctory_usemethod" value="使用方法"/>
<Lang name="danji_price" value=""/>
<Lang name="ttp_danji_price" value="单剂价格"/>
<Lang name="jici" value=""/>
<Lang name="ttp_jici" value="剂次"/>
<Lang name="total_price" value=""/>
<Lang name="ttp_total_price" value="总价"/>
<Lang name="status" value=""/>
<Lang name="ttp_status" value="状态"/>
<Lang name="opera" value=""/>
<Lang name="ttp_opera" value="操作人"/>
<Lang name="uptime" value=""/>
<Lang name="ttp_uptime" value="更新时间"/>
<Lang name="medicationid" value=""/>
<Lang name="ttp_medicationid" value=""/>
<Lang name="ttp_operationmedication" value=""/>
<Lang name="ttp_createmedication" value=""/>
<Lang name="ttp_modifymedication" value=""/>
<Lang name="ttp_resetmedication" value=""/>
<Lang name="ttp_deletemedication" value=""/>
<Lang name="ttp_refreshmedication" value=""/>
<Lang name="operation" value=""/>
<Lang name="create" value=""/>
<Lang name="modify" value=""/>
<Lang name="reset" value=""/>
<Lang name="delete" value=""/>
<Lang name="refresh" value=""/>
<Lang name="firstpage" value=""/>
<Lang name="prepage" value=""/>
<Lang name="nextpage" value=""/>
</Language>
