﻿<Language name="stockbaseinfo">
<Lang name="stockbaseinfo" value="stockbaseinfo"/>
<Lang name="TabEditstockbaseinfo" value="stockbaseinfo Edit"/>
<Lang name="TabViewstockbaseinfo" value="stockbaseinfo View"/>
<Lang name="stockno" value=""/>
<Lang name="ttp_stockno" value="仓库码"/>
<Lang name="stockname" value=""/>
<Lang name="ttp_stockname" value="仓库名"/>
<Lang name="guige" value=""/>
<Lang name="ttp_guige" value="规格"/>
<Lang name="locations" value=""/>
<Lang name="ttp_locations" value="位置"/>
<Lang name="memo" value=""/>
<Lang name="ttp_memo" value="备注"/>
<Lang name="delemp" value=""/>
<Lang name="ttp_delemp" value="删除人"/>
<Lang name="deltime" value=""/>
<Lang name="ttp_deltime" value="删除时间"/>
<Lang name="status" value=""/>
<Lang name="ttp_status" value="状态"/>
<Lang name="opera" value=""/>
<Lang name="ttp_opera" value="操作员"/>
<Lang name="uptime" value=""/>
<Lang name="ttp_uptime" value="时间"/>
<Lang name="stockid" value=""/>
<Lang name="ttp_stockid" value=""/>
<Lang name="ttp_operationstockbaseinfo" value=""/>
<Lang name="ttp_createstockbaseinfo" value=""/>
<Lang name="ttp_modifystockbaseinfo" value=""/>
<Lang name="ttp_resetstockbaseinfo" value=""/>
<Lang name="ttp_deletestockbaseinfo" value=""/>
<Lang name="ttp_refreshstockbaseinfo" value=""/>
<Lang name="operation" value=""/>
<Lang name="create" value=""/>
<Lang name="modify" value=""/>
<Lang name="reset" value=""/>
<Lang name="delete" value=""/>
<Lang name="refresh" value=""/>
<Lang name="firstpage" value=""/>
<Lang name="prepage" value=""/>
<Lang name="nextpage" value=""/>
</Language>
