﻿<?xml version="1.0" encoding="UTF-8"?><WndTap Text="bottle_transaction" Name="bottle_transaction" Ver="2">
<var name="refreshAfterEdit" expr="1"/>
<var name="dataRequired" expr="bottleid[bottleid],medicineid[medicineid]"/>
<var name="dataRequireless" expr=""/>
<xi:include xmlns:xi="http://www.w3.org/2001/XInclude" href="lan\bottle_transaction.xml"/>
<Ctrls>
<GroupBox Text="bottle_transaction" Name="GBbottle_transaction" id="bottle_transaction" Size="100,100"><Ctrls>
<xi:include xmlns:xi="http://www.w3.org/2001/XInclude" href="bottle_transaction_GBDEDIT.xml"></xi:include><BR AutoHeight="1"/><xi:include xmlns:xi="http://www.w3.org/2001/XInclude" href="bottle_transaction_GBOPE.xml"></xi:include>
<TAB/><xi:include xmlns:xi="http://www.w3.org/2001/XInclude" href="bottle_transaction_GBOPV.xml"></xi:include>
<BR/><xi:include xmlns:xi="http://www.w3.org/2001/XInclude" href="bottle_transaction_GBDV.xml"></xi:include></Ctrls></GroupBox>
</Ctrls>
	<OnChanged/>
	<OnActivate/>
	</WndTap>