﻿<WndTap Name="bottle_info" Text="bottle_info" Ver="2">
<var name="refreshAfterEdit" expr="2"/>
<var name="dataRequired" expr="bottleno,medicineid[medicineid],medicineno,weight_gross"/>
<var name="dataRequireless" expr=""/>
<xi:include href="lan\bottle_info.xml" xmlns:xi="http://www.w3.org/2001/XInclude"/>
<Ctrls>
<GroupBox  Name="GBbottle_info" id="bottle_info" Text="bottle_info" Size="100,100"><Ctrls>
<xi:include xmlns:xi="http://www.w3.org/2001/XInclude" href="bottle_info_GBDEDIT.xml"/>
<BR AutoHeight="1"/><xi:include xmlns:xi="http://www.w3.org/2001/XInclude" href="bottle_info_GBOPE.xml"/>
<xi:include xmlns:xi="http://www.w3.org/2001/XInclude" href="bottle_info_Vh.xml"/></Ctrls></GroupBox></Ctrls>
	<OnChanged></OnChanged>
	<OnActivate><SetVisible name="insertbottle_info" Visible="1"/><SetVisible name="modifybottle_info" Visible="0"/></OnActivate>
</WndTap>
