﻿<GroupBox cols="xs12 sm6 md4" Name="GBOPVbottle_transaction"><Ctrls>
<TAB/><Button Text="initial" ToolTip="ttp_initial" Name="initialbottle_transaction" Size="50,20">
<OnClick><submit next="bottle_transaction_vLst" function="initial"/><submit next="records_bottle_transaction" function="initial"/></OnClick></Button>
<TAB/><Button Text="firstpage" Name="FPbottle_transaction_vLst" Size="50,20">
<OnClick><submit next="bottle_transaction_vLst" function="GetPage(first)"/><submit next="records_bottle_transaction"/></OnClick></Button>
<Button Text="prepage" Name="PREbottle_transaction_vLst" Size="50,20">
<OnClick><submit next="bottle_transaction_vLst" function="GetPage(Pre)"/></OnClick></Button>
<Button Text="nextpage" Name="NPbottle_transaction_vLst" Size="50,20">
<OnClick><submit next="bottle_transaction_vLst" function="GetPage(Next)"/></OnClick></Button>
</Ctrls></GroupBox>
