﻿<?xml version="1.0" encoding="UTF-8"?><WndTap Text="bottle_loc_cabinet" Name="bottle_loc_cabinet" Ver="2">
<var name="refreshAfterEdit" expr="1"/>
<var name="dataRequired" expr="bottleid[bottleid],medicineid[medicineid],cabinetid[cabinetid]"/>
<var name="dataRequireless" expr=""/>
<xi:include xmlns:xi="http://www.w3.org/2001/XInclude" href="lan\bottle_loc_cabinet.xml"/>
<Ctrls>
<GroupBox Text="bottle_loc_cabinet" Name="GBbottle_loc_cabinet" id="bottle_loc_cabinet" Size="100,100"><Ctrls>
<xi:include xmlns:xi="http://www.w3.org/2001/XInclude" href="bottle_loc_cabinet_GBDEDIT.xml"></xi:include><BR AutoHeight="1"/><xi:include xmlns:xi="http://www.w3.org/2001/XInclude" href="bottle_loc_cabinet_GBOPE.xml"></xi:include>
<TAB/><xi:include xmlns:xi="http://www.w3.org/2001/XInclude" href="bottle_loc_cabinet_GBOPV.xml"></xi:include>
<BR/><xi:include xmlns:xi="http://www.w3.org/2001/XInclude" href="bottle_loc_cabinet_GBDV.xml"></xi:include></Ctrls></GroupBox>
</Ctrls>
	<OnChanged/>
	<OnActivate/>
	</WndTap>