﻿<GroupBox Name="GBDVbottle_transaction" cols="xs12 sm12 md12 lg12"><Ctrls>
<ListCtrl Name="bottle_transaction_vLst" ToolTip="ttp_bottle_transaction_v" Size="300,450" OnLoad="init" Heading="bottleid,120;medicineid,120;uses_flag,120;weight_cur,90;opera,55;uptime,150;reftbl,240;refid,100;bottle_transactionid,100;"  colsDisplay="6" loadedclick="0">
	<DbDetails >
<Index>bottle_transactionid</Index>
<DbTable>his.bottle_transaction b left join his.bottle_info b0 on b.bottleid=b0.bottleid left join his.medicine_info m on b.medicineid=m.medicineid left join his.status_option s on b.uses_flag=s.statuscode left join his.users u on b.opera=u.user_id</DbTable>
<Data>b0.bottleno bottleid,m.medicinenocn medicineid,s.statusname uses_flag,b.weight_cur,u.user_name opera,b.uptime,b.reftbl,b.refid,b.bottle_transactionid</Data>
<Order>bottle_transactionid</Order></DbDetails>
<DbDetails><queryFormat xml:base="d:\Program Files (x86)\3UCS\3UCS Server\layout\biztools\mysqlcfg.xml" id="tbpages">select %{data} from %{dbtable} %{where} limit %{StartRow},%{PgSize}</queryFormat></DbDetails>
<operator refresh="1" initial="0" firstpage="0" prepage="0" nextpage="0">
<op text="modify"><DbDetails><Where>bottle_transactionid='%{bottle_transaction_vLst[bottle_transactionid]}'</Where></DbDetails><submit namelist="DbDetails" next="$this.bottle_transaction.bottle_transactionLst"/><assign name="$this.bottle_transaction.frmwndctrl" expr="%{this}"/></op>
<op text="delete" needconfirm="1"><DbDetails>
<DbTable>his.bottle_transaction</DbTable>
<Where>bottle_transactionid='%{bottle_transaction_vLst[bottle_transactionid]}'</Where>
<queryFormat>delete from %{table} where %{where}</queryFormat></DbDetails>
<submit namelist="DbDetails"/><submit/></op>
</operator>
<OnChanged>
<assign name="pgcur_bottle_transaction" expr="js(%{bottle_transaction_vLst[currentpage]}+1)"/>
<assign name="pgscb_bottle_transaction" expr="js(%{bottle_transaction_vLst[currentpage]}+1)" function="SetSel"/>
</OnChanged></ListCtrl>
</Ctrls></GroupBox>