﻿<WndTap Name="bottle_transaction_op_v" Text="bottle_transaction_op_v">
<WndTaps>
<xi:include xmlns:xi="http://www.w3.org/2001/XInclude" href="bottle_transaction_op_Ve.xml" popup="1"/>
</WndTaps>
<var name="searchtmpl"><bottleid format="b.bottleid='%{opvalue}'"/><medicineid format="b.medicineid='%{opvalue}'"/><opera format="b.opera='%{opvalue}'"/><uptime format="(b.uptime between '%{uptime[datetime]}' and '%{uptime[datetime2]}')"/><weight_cur format="(b.weight_cur like '%%{opvalue}%')"/><uses_flag format="(b.uses_flag like '%%{opvalue}%')"/><reftbl format="(b.reftbl like '%%{opvalue}%')"/><refid format="(b.refid like '%%{opvalue}%')"/><bottle_transactionid format="(b.bottle_transactionid like '%%{opvalue}%')"/></var>
<xi:include xmlns:xi="http://www.w3.org/2001/XInclude" href="lan\bottle_transaction_op.xml"/>
<Ctrls><GroupBox  Name="GBbottle_transaction" id="bottle_transaction" Text="bottle_transaction" Size="100,100"><Ctrls>
<xi:include xmlns:xi="http://www.w3.org/2001/XInclude" href="bottle_transaction_op_Vs.xml"/>
<BR AutoHeight="1"/><GroupBox  Name="GBOPVbottle_transaction" Size="100,20" cols="xs12 sm6 md4"><Ctrls>
<Button Text="addone" ToolTip="ttp_addone" Name="addone" Size="50,20">	<OnClick><submit next="$this.bottle_transaction_op.GBDEDITbottle_transaction" function="reset"/><assign name="$this.bottle_transaction_op.frmwndctrl" expr="%{$this.bottle_transaction_vLst}"/></OnClick>	</Button><TAB/>	
<Button Text="reset" ToolTip="ttp_resetbottle_transaction" Name="resetbottle_transaction" Size="50,20">	<OnClick>	<submit next="GBDEDITbottle_transaction" function="reset"/>	</OnClick>	</Button><TAB/>	
<Button Text="Search" ToolTip="ttp_gsearchbottle_transaction" Name="gsearchbottle_transaction" Size="50,20">	<OnClick>	
<search next="bottle_transaction_vLst" listed="0" prefixwhere="0" prefixand="0" inputed="1">%{searchtmpl}</search><submit next="GBDEDITbottle_transaction" namelist="search" function="search"/>	
<search next="records_bottle_transaction" listed="0" prefixwhere="1" prefixand="0"  inputed="1">%{searchtmpl}</search><submit next="GBDEDITbottle_transaction" namelist="search" function="search"/>	
</OnClick></Button><TAB/></Ctrls></GroupBox>
<xi:include xmlns:xi="http://www.w3.org/2001/XInclude" href="bottle_transaction_op_Vpg.xml"/>
<xi:include xmlns:xi="http://www.w3.org/2001/XInclude" href="bottle_transaction_op_Vpgop.xml"/>
<BR AutoHeight="1"/><xi:include xmlns:xi="http://www.w3.org/2001/XInclude" href="bottle_transaction_op_Vv.xml"/>
</Ctrls></GroupBox>
</Ctrls></WndTap>
