﻿<GroupBox Name="GBDEDITbottle_info"><Ctrls>
<GroupBox cols="xs12 sm6 md4" Multiline="0" Name="GB_bottleno"><Ctrls>
<Label Align="Right" Text="bottleno" Name="lb_bottleno" Size="60,20"/>
<TextBox Weight="170" Text="" ToolTip="ttp_bottleno" Name="bottleno" Size="170,20"/>
</Ctrls></GroupBox>
<GroupBox cols="xs12 sm6 md4" Multiline="0" Name="GB_medicineid"><Ctrls>
<Label Align="Right" Text="medicineid" Name="lb_medicineid" Size="60,20"/>
<TextBox Weight="150" Text="" ToolTip="ttp_medicineid" Name="medicineid" Size="150,20">
	<DbDetails fcsm="true">
<Index>medicineid</Index>
<DbTable>his.medicine_info</DbTable>
<Data>medicinenocn,medicineno,medicineid</Data>
<Where>!isdel</Where>
<queryFormat/></DbDetails></TextBox>
<MagicCtrl Name="pickmedicineid" Link="tip:Pick" images=",data/search.png" button="type:0" Size="20,20"><OnClick><assign name="$parent.medicine_info_pick.frmwndctrl" expr="bottle_info.medicineid"/><DbDetails><Where/></DbDetails><submit next="$parent.medicine_info_pick.medicine_info_vLst" namelist="DbDetails"/></OnClick></MagicCtrl>\r\n</Ctrls></GroupBox>
<GroupBox cols="xs12 sm6 md4" Multiline="0" Name="GB_medicineno"><Ctrls>
<Label Align="Right" Text="medicineno" Name="lb_medicineno" readonly="true" Size="60,20"/>
<TextBox Weight="170" Text="" ToolTip="ttp_medicineno" Name="medicineno" readonly="true" Size="170,20"/>
</Ctrls></GroupBox>
<GroupBox cols="xs12 sm6 md4" Multiline="0" overlap="pre" Name="GB_uses_flag" Visible="false"><Ctrls>
<Label Align="Right" Text="uses_flag" overlap="pre" onload="init" Name="lb_uses_flag" readonly="true" Size="60,20" Visible="false"/>
<ComboBox Weight="170" Text="" ToolTip="ttp_uses_flag" overlap="pre" onload="init" Name="uses_flag" readonly="true" Size="170,100" Visible="false">
	<DbDetails>
<Index>statuscode</Index>
<DbTable>his.status_option</DbTable>
<Data>statusname,statuscode</Data>
<Where>statustype=1</Where>
<queryFormat/></DbDetails></ComboBox>
</Ctrls></GroupBox>
<GroupBox cols="xs12 sm6 md4" Multiline="0" overlap="pre" Name="GB_weight_initial" Visible="false"><Ctrls>
<Label Align="Right" Text="weight_initial" overlap="pre" Name="lb_weight_initial" readonly="true" Size="60,20" Visible="false"/>
<TextBox Weight="170" Text="" ToolTip="ttp_weight_initial" overlap="pre" Name="weight_initial" readonly="true" Size="170,20" Visible="false"/>
</Ctrls></GroupBox>
<GroupBox cols="xs12 sm6 md4" Multiline="0" overlap="pre" Name="GB_weight_last" Visible="false"><Ctrls>
<Label Align="Right" Text="weight_last" overlap="pre" Name="lb_weight_last" readonly="true" Size="60,20" Visible="false"/>
<TextBox Weight="170" Text="" ToolTip="ttp_weight_last" overlap="pre" Name="weight_last" readonly="true" Size="170,20" Visible="false"/>
</Ctrls></GroupBox>
<GroupBox cols="xs12 sm6 md4" Multiline="0" overlap="pre" Name="GB_weight_cur" Visible="false"><Ctrls>
<Label Align="Right" Text="weight_cur" overlap="pre" Name="lb_weight_cur" readonly="true" Size="60,20" Visible="false"/>
<TextBox Weight="170" Text="" ToolTip="ttp_weight_cur" overlap="pre" Name="weight_cur" readonly="true" Size="170,20" Visible="false"/>
</Ctrls></GroupBox>
<BR AutoHeight="1"/><GroupBox cols="xs12 sm6 md4" Multiline="0" Name="GB_weight_gross"><Ctrls>
<Label Align="Right" Text="weight_gross" Name="lb_weight_gross" Size="60,20"/>
<TextBox Weight="170" Text="" ToolTip="ttp_weight_gross" Name="weight_gross" Size="170,20"/>
</Ctrls></GroupBox>
<GroupBox cols="xs12 sm6 md4" Multiline="0" Name="GB_weight_net"><Ctrls>
<Label Align="Right" Text="weight_net" Name="lb_weight_net" Size="60,20"/>
<TextBox Weight="170" Text="" ToolTip="ttp_weight_net" Name="weight_net" Size="170,20"/>
</Ctrls></GroupBox>
<GroupBox cols="xs12 sm6 md4" Multiline="0" Name="GB_remark"><Ctrls>
<Label Align="Right" Text="remark" Name="lb_remark" Size="60,20"/>
<TextBox Weight="170" Text="" ToolTip="ttp_remark" Name="remark" Size="170,20"/>
</Ctrls></GroupBox>
<GroupBox cols="xs12 sm6 md4" Multiline="0" overlap="pre" Name="GB_opera" Visible="false"><Ctrls>
<Label Align="Right" Text="opera" overlap="pre" Name="lb_opera" readonly="true" Size="60,20" Visible="false"/>
<TextBox Weight="170" Text="" ToolTip="ttp_opera" overlap="pre" Name="opera" readonly="true" Size="170,20" Visible="false">
	<DbDetails>
<Index>user_id</Index>
<DbTable>his.users</DbTable>
<Data>user_name,user_id</Data>
<Where/>
<queryFormat/></DbDetails></TextBox>
</Ctrls></GroupBox>
<GroupBox cols="xs12 sm6 md4" Multiline="0" overlap="pre" Name="GB_uptime" Visible="false"><Ctrls>
<Label Align="Right" Text="uptime" overlap="pre" Name="lb_uptime" readonly="true" Size="60,20" Visible="false"/>
<DateTime Weight="170" Text="" ToolTip="ttp_uptime" overlap="pre" Name="uptime" readonly="true" Size="170,20" Visible="false" Format="yyyy-MM-dd HH:mm:ss"/>
</Ctrls></GroupBox>
<GroupBox cols="xs12 sm6 md4" Multiline="0" overlap="pre" Name="GB_bottleid" Visible="false"><Ctrls>
<Label Align="Right" Text="bottleid" overlap="pre" Name="lb_bottleid" readonly="true" Size="60,20" Visible="false"/>
<TextBox Weight="170" Text="" ToolTip="ttp_bottleid" overlap="pre" Name="bottleid" readonly="true" Size="170,20" Visible="false"><OnEnChange><if cond="'%{bottleid}'"><SetVisible name="insertbottle_info" Visible="0"/><SetVisible name="modifybottle_info" Visible="1"/><else/><SetVisible name="insertbottle_info" Visible="1"/><SetVisible name="modifybottle_info" Visible="0"/></if></OnEnChange></TextBox>
</Ctrls></GroupBox>
</Ctrls></GroupBox>