﻿<WndTap Name="bottle_info_pick" Text="bottle_info_Pick">
<var name="searchtmpl"><bottleno format="(b.bottleno like '%%{opvalue}%')"/><medicineid format="b.medicineid='%{opvalue}'"/><medicineno format="(b.medicineno like '%%{opvalue}%')"/><uses_flag format="b.uses_flag='%{opvalue}'"/><weight_initial format="(b.weight_initial like '%%{opvalue}%')"/><weight_last format="(b.weight_last like '%%{opvalue}%')"/><weight_cur format="(b.weight_cur like '%%{opvalue}%')"/><weight_gross format="(b.weight_gross like '%%{opvalue}%')"/><weight_net format="(b.weight_net like '%%{opvalue}%')"/><remark format="(b.remark like '%%{opvalue}%')"/><opera format="b.opera='%{opvalue}'"/><uptime format="(b.uptime between '%{uptime[datetime]}' and '%{uptime[datetime2]}')"/><bottleid format="(b.bottleid like '%%{opvalue}%')"/></var>
<xi:include xmlns:xi="http://www.w3.org/2001/XInclude" href="lan\bottle_info.xml"/>
<Ctrls><GroupBox  Name="GBbottle_info" id="bottle_info" Text="bottle_info" Size="100,100"><Ctrls>
<xi:include xmlns:xi="http://www.w3.org/2001/XInclude" href="bottle_info_Vs.xml"/>
<BR AutoHeight="1"/><GroupBox  Name="GBOPVbottle_info" Size="100,20" cols="xs12 sm6 md4"><Ctrls>
<Button Text="reset" ToolTip="ttp_resetbottle_info" Name="resetbottle_info" Size="50,20">	<OnClick>	<submit next="GBDEDITbottle_info" function="reset"/>	</OnClick>	</Button><TAB/>	
<Button Text="Search" ToolTip="ttp_gsearchbottle_info" Name="gsearchbottle_info" Size="50,20">	<OnClick>	
<search next="bottle_info_vLst" listed="0" prefixwhere="1" prefixand="0" inputed="1">%{searchtmpl}</search><submit next="GBDEDITbottle_info" namelist="search" function="search"/>	
</OnClick></Button><TAB/></Ctrls></GroupBox>
<BR AutoHeight="1"/><GroupBox Name="GBDVbottle_info" cols="xs12 sm12 md12 lg12"><Ctrls>
<ListCtrl Name="bottle_info_vLst" ToolTip="ttp_bottle_info_v" Size="700,450" Heading="bottleno,250;medicineid,100;medicineno,250;uses_flag,120;weight_initial,90;weight_last,90;weight_cur,90;weight_gross,90;weight_net,90;remark,250;opera,55;uptime,150;bottleid,100;" loadedclick="0">
	<DbDetails >
<Index>bottleid</Index>
<DbTable>his.bottle_info b left join his.medicine_info m on b.medicineid=m.medicineid left join his.status_option s on b.uses_flag=s.statuscode left join his.users u on b.opera=u.user_id</DbTable>
<Data>b.bottleno,m.medicinenocn medicineid,b.medicineno,s.statusname uses_flag,b.weight_initial,b.weight_last,b.weight_cur,b.weight_gross,b.weight_net,b.remark,u.user_name opera,b.uptime,b.bottleid,b.uses_flag usesflag,b.medicineid medicine_id</Data>
<Order>bottleid</Order></DbDetails>
<DbDetails><queryFormat xml:base="d:\Program Files (x86)\3UCS\3UCS Server\layout\biztools\mysqlcfg.xml" id="tbpages">select %{data} from %{dbtable} %{where} limit %{StartRow},%{PgSize}</queryFormat></DbDetails>
<OnClick><if cond="%{bottle_info_vLst[bottleid]}"><DbDetails><Where>bottleid='%{bottle_info_vLst[bottleid]}'</Where></DbDetails><submit namelist="DbDetails" next="$parent.%{frmwndctrl}"/><submit function="onok"/></if></OnClick>
</ListCtrl>
</Ctrls></GroupBox>
</Ctrls></GroupBox>
</Ctrls></WndTap>
