﻿<GroupBox cols="xs12 sm6 md4" Name="GBOPVcabinet_cell"><Ctrls>
<TAB/><Button Text="initial" ToolTip="ttp_initial" Name="initialcabinet_cell" Size="50,20">
<OnClick><submit next="cabinet_cell_vLst" function="initial"/><submit next="records_cabinet_cell" function="initial"/></OnClick></Button>
<TAB/><Button Text="firstpage" Name="FPcabinet_cell_vLst" Size="50,20">
<OnClick><submit next="cabinet_cell_vLst" function="GetPage(first)"/><submit next="records_cabinet_cell"/></OnClick></Button>
<Button Text="prepage" Name="PREcabinet_cell_vLst" Size="50,20">
<OnClick><submit next="cabinet_cell_vLst" function="GetPage(Pre)"/></OnClick></Button>
<Button Text="nextpage" Name="NPcabinet_cell_vLst" Size="50,20">
<OnClick><submit next="cabinet_cell_vLst" function="GetPage(Next)"/></OnClick></Button>
</Ctrls></GroupBox>
