﻿<GroupBox Name="GBDEDITcabinet" text="Search" toggle="1"><Ctrls>
<GroupBox Name="GB_cabinetname" Multiline="0" cols="xs12 sm6 md4"><Ctrls>
<Label Name="lb_cabinetname" Size="60,20" Text="cabinetname" Align="Right"/>
<TextBox Name="cabinetname" Size="170,20" Text="" Weight="170" ToolTip="ttp_cabinetname"></TextBox>
</Ctrls></GroupBox>
<GroupBox Name="GB_status" Multiline="0" cols="xs12 sm6 md4"><Ctrls>
<CheckBox Name="status" Size="230,20" Text="status" ToolTip="ttp_status"></CheckBox>
</Ctrls></GroupBox>
</Ctrls></GroupBox>