﻿<WndTap Name="cabinet_cell_pick" Text="cabinet_cell_Pick">
<var name="searchtmpl"><cell_row format="(c.cell_row like '%%{opvalue}%')"/><cell_col format="(c.cell_col like '%%{opvalue}%')"/><op_idx format="(c.op_idx like '%%{opvalue}%')"/><op_code format="(c.op_code like '%%{opvalue}%')"/><cabinetid format="(c.cabinetid like '%%{opvalue}%')"/><cellid format="(c.cellid like '%%{opvalue}%')"/><uptime format="(c.uptime between '%{uptime[datetime]}' and '%{uptime[datetime2]}')"/><opera format="c.opera='%{opvalue}'"/></var>
<xi:include xmlns:xi="http://www.w3.org/2001/XInclude" href="lan\cabinet_cell.xml"/>
<Ctrls><GroupBox  Name="GBcabinet_cell" id="cabinet_cell" Text="cabinet_cell" Size="100,100"><Ctrls>
<xi:include xmlns:xi="http://www.w3.org/2001/XInclude" href="cabinet_cell_Vs.xml"/>
<BR AutoHeight="1"/><GroupBox  Name="GBOPVcabinet_cell" Size="100,20" cols="xs12 sm6 md4"><Ctrls>
<Button Text="reset" ToolTip="ttp_resetcabinet_cell" Name="resetcabinet_cell" Size="50,20">	<OnClick>	<submit next="GBDEDITcabinet_cell" function="reset"/>	</OnClick>	</Button><TAB/>	
<Button Text="Search" ToolTip="ttp_gsearchcabinet_cell" Name="gsearchcabinet_cell" Size="50,20">	<OnClick>	
<search next="cabinet_cell_vLst" listed="0" prefixwhere="0" prefixand="0" inputed="1">%{searchtmpl}</search><submit next="GBDEDITcabinet_cell" namelist="search" function="search"/>	
</OnClick></Button><TAB/></Ctrls></GroupBox>
<BR AutoHeight="1"/><GroupBox Name="GBDVcabinet_cell" cols="xs12 sm12 md12 lg12"><Ctrls>
<ListCtrl Name="cabinet_cell_vLst" ToolTip="ttp_cabinet_cell_v" Size="700,450" Heading="cell_row,20;cell_col,20;op_idx,55;op_code,55;cabinetid,55;cellid,55;uptime,150;opera,55;" loadedclick="0">
	<DbDetails >
<Index>cellid</Index>
<DbTable>his.cabinet_cell c left join his.users u on c.opera=u.user_id</DbTable>
<Data>c.cell_row,c.cell_col,c.op_idx,c.op_code,c.cabinetid,c.cellid,c.uptime,u.user_name opera</Data>
<Order>cellid</Order></DbDetails>
<OnClick><if cond="%{cabinet_cell_vLst[cellid]}"><DbDetails><Where>cellid='%{cabinet_cell_vLst[cellid]}'</Where></DbDetails><submit namelist="DbDetails" next="$parent.%{frmwndctrl}"/><submit function="onok"/></if></OnClick>
</ListCtrl>
</Ctrls></GroupBox>
</Ctrls></GroupBox>
</Ctrls></WndTap>
