﻿<WndTap Name="computers_v" Text="computers_v">
<WndTaps>
<xi:include xmlns:xi="http://www.w3.org/2001/XInclude" href="computers_Ve.xml" popup="1"/>
</WndTaps>
<var name="searchtmpl"><computer_name format="(c.computer_name like '%%{opvalue}%')"/><computer_mac format="(c.computer_mac like '%%{opvalue}%')"/><computer_ip format="(c.computer_ip like '%%{opvalue}%')"/><memo format="(c.memo like '%%{opvalue}%')"/><delemp format="c.delemp='%{opvalue}'"/><deltime format="(c.deltime between '%{deltime[datetime]}' and '%{deltime[datetime2]}')"/><valid format="(c.valid like '%%{opvalue}%')"/><opera format="c.opera='%{opvalue}'"/><uptime format="(c.uptime between '%{uptime[datetime]}' and '%{uptime[datetime2]}')"/><computerid format="(c.computerid like '%%{opvalue}%')"/><dispensaryid format="(c.dispensaryid like '%%{opvalue}%')"/></var>
<xi:include xmlns:xi="http://www.w3.org/2001/XInclude" href="lan\computers.xml"/>
<Ctrls><GroupBox  Name="GBcomputers" id="computers" Text="computers" Size="100,100"><Ctrls>
<xi:include xmlns:xi="http://www.w3.org/2001/XInclude" href="computers_Vs.xml"/>
<BR AutoHeight="1"/><GroupBox  Name="GBOPVcomputers" Size="100,20" cols="xs12 sm6 md4"><Ctrls>
<Button Text="addone" ToolTip="ttp_addone" Name="addone" Size="50,20">	<OnClick><submit next="$this.computers.GBDEDITcomputers" function="reset"/><assign name="$this.computers.frmwndctrl" expr="%{$this.computers_vLst}"/></OnClick>	</Button><TAB/>	
<Button Text="reset" ToolTip="ttp_resetcomputers" Name="resetcomputers" Size="50,20">	<OnClick>	<submit next="GBDEDITcomputers" function="reset"/>	</OnClick>	</Button><TAB/>	
<Button Text="Search" ToolTip="ttp_gsearchcomputers" Name="gsearchcomputers" Size="50,20">	<OnClick>	
<search next="computers_vLst" listed="0" prefixwhere="0" prefixand="0" inputed="1">%{searchtmpl}</search><submit next="GBDEDITcomputers" namelist="search" function="search"/>	
<search next="records_computers" listed="0" prefixwhere="1" prefixand="0"  inputed="1">%{searchtmpl}</search><submit next="GBDEDITcomputers" namelist="search" function="search"/>	
</OnClick></Button><TAB/></Ctrls></GroupBox>
<xi:include xmlns:xi="http://www.w3.org/2001/XInclude" href="computers_Vpg.xml"/>
<xi:include xmlns:xi="http://www.w3.org/2001/XInclude" href="computers_Vpgop.xml"/>
<BR AutoHeight="1"/><xi:include xmlns:xi="http://www.w3.org/2001/XInclude" href="computers_Vv.xml"/>
</Ctrls></GroupBox>
</Ctrls></WndTap>
