﻿<WndTap Name="computers" Text="computers" Ver="2">
<var name="refreshAfterEdit" expr="2"/>
<var name="dataRequired" expr="dispensaryid"/>
<var name="dataRequireless" expr=""/>
<xi:include href="lan\computers.xml" xmlns:xi="http://www.w3.org/2001/XInclude"/>
<Ctrls>
<GroupBox  Name="GBcomputers" id="computers" Text="computers" Size="100,100"><Ctrls>
<xi:include xmlns:xi="http://www.w3.org/2001/XInclude" href="computers_GBDEDIT.xml"/>
<BR AutoHeight="1"/><xi:include xmlns:xi="http://www.w3.org/2001/XInclude" href="computers_GBOPE.xml"/>
<xi:include xmlns:xi="http://www.w3.org/2001/XInclude" href="computers_Vh.xml"/></Ctrls></GroupBox></Ctrls>
	<OnChanged></OnChanged>
	<OnActivate><SetVisible name="insertcomputers" Visible="1"/><SetVisible name="modifycomputers" Visible="0"/></OnActivate>
</WndTap>
