﻿<GroupBox cols="xs12 sm6 md4" Multiline="0" Name="GBPGdepartment"><Ctrls>
<Label Align="Right" Text="Records" Name="lb_Records" Size="60,20"/>
<TextBox Weight="30" ToolTip="ttp_records" Name="records_department" Size="40,20" OnLoad="init" readonly="1">
	<DbDetails fcsm="1">
<Index>departmentid</Index>
<DbTable>his.department d left join his.users u on d.opera=u.user_id</DbTable>
<Data>count(*) records</Data>
<Order>departmentid</Order><Queryformat>select %{data} from (select d.departmentid from %{dbtable} %{where} GROUP BY d.departmentid  ORDER BY d.departmentid) t</Queryformat></DbDetails>
<OnEnchange>
<assign name="pgs_department" expr="js(Math.ceil(%{records_department}/%{department_vLst[countsperpage]}))"/>
<assign name="pgscb_department" expr="js('1~'+Math.ceil(%{records_department}/%{department_vLst[countsperpage]}))" function="setitems"/>
</OnEnchange>
</TextBox>
<!--ComboBox Weight="60" ToolTip="ttp_pgs" Name="pgscb_department" Size="60,20"><OnSelEndOK><submit next="department_vLst" function="GetPage(%{pgscb_department}-1)"/></OnSelEndOK></ComboBox-->
<TextBox Weight="30" ToolTip="ttp_pgs" Name="pgs_department" Size="30,20" readonly="1"/>
<TextBox Weight="30" ToolTip="ttp_pgcur" Name="pgcur_department" Size="30,20"/>
<Button Text="go2Page" Name="go2pagedepartment_vLst" Size="50,20"><OnClick><submit next="department_vLst" function="GetPage(%{pgcur_department}-1)"/></OnClick></Button>
</Ctrls></GroupBox>
