﻿<GroupBox cols="xs12 sm6 md4" Multiline="0" Name="GBPGdispensary"><Ctrls>
<Label Align="Right" Text="Records" Name="lb_Records" Size="60,20"/>
<TextBox Weight="30" ToolTip="ttp_records" Name="records_dispensary" Size="40,20" OnLoad="init" readonly="1">
	<DbDetails fcsm="1">
<Index>dispensaryid</Index>
<DbTable>his.dispensary d left join his.users u on d.opera=u.user_id</DbTable>
<Data>count(*) records</Data>
<Order>dispensaryid</Order><Queryformat>select %{data} from (select d.dispensaryid from %{dbtable} %{where} GROUP BY d.dispensaryid  ORDER BY d.dispensaryid) t</Queryformat></DbDetails>
<OnEnchange>
<assign name="pgs_dispensary" expr="js(Math.ceil(%{records_dispensary}/%{dispensary_vLst[countsperpage]}))"/>
<assign name="pgscb_dispensary" expr="js('1~'+Math.ceil(%{records_dispensary}/%{dispensary_vLst[countsperpage]}))" function="setitems"/>
</OnEnchange>
</TextBox>
<!--ComboBox Weight="60" ToolTip="ttp_pgs" Name="pgscb_dispensary" Size="60,20"><OnSelEndOK><submit next="dispensary_vLst" function="GetPage(%{pgscb_dispensary}-1)"/></OnSelEndOK></ComboBox-->
<TextBox Weight="30" ToolTip="ttp_pgs" Name="pgs_dispensary" Size="30,20" readonly="1"/>
<TextBox Weight="30" ToolTip="ttp_pgcur" Name="pgcur_dispensary" Size="30,20"/>
<Button Text="go2Page" Name="go2pagedispensary_vLst" Size="50,20"><OnClick><submit next="dispensary_vLst" function="GetPage(%{pgcur_dispensary}-1)"/></OnClick></Button>
</Ctrls></GroupBox>
