﻿<WndTap Name="dispensary_v" Text="dispensary_v">
<WndTaps>
<xi:include xmlns:xi="http://www.w3.org/2001/XInclude" href="dispensary_Ve.xml" popup="1"/>
</WndTaps>
<var name="searchtmpl"><dispensaryno format="(d.dispensaryno like '%%{opvalue}%')"/><dispensaryname format="(d.dispensaryname like '%%{opvalue}%')"/><memo format="(d.memo like '%%{opvalue}%')"/><delemp format="(d.delemp like '%%{opvalue}%')"/><deltime format="(d.deltime between '%{deltime[datetime]}' and '%{deltime[datetime2]}')"/><status format="(d.status like '%%{opvalue}%')"/><opera format="d.opera='%{opvalue}'"/><uptime format="(d.uptime between '%{uptime[datetime]}' and '%{uptime[datetime2]}')"/><dispensaryid format="(d.dispensaryid like '%%{opvalue}%')"/><hospitalid format="(d.hospitalid like '%%{opvalue}%')"/></var>
<xi:include xmlns:xi="http://www.w3.org/2001/XInclude" href="lan\dispensary.xml"/>
<Ctrls><GroupBox  Name="GBdispensary" id="dispensary" Text="dispensary" Size="100,100"><Ctrls>
<xi:include xmlns:xi="http://www.w3.org/2001/XInclude" href="dispensary_Vs.xml"/>
<BR AutoHeight="1"/><GroupBox  Name="GBOPVdispensary" Size="100,20" cols="xs12 sm6 md4"><Ctrls>
<Button Text="addone" ToolTip="ttp_addone" Name="addone" Size="50,20">	<OnClick><submit next="$this.dispensary.GBDEDITdispensary" function="reset"/><assign name="$this.dispensary.frmwndctrl" expr="%{$this.dispensary_vLst}"/></OnClick>	</Button><TAB/>	
<Button Text="reset" ToolTip="ttp_resetdispensary" Name="resetdispensary" Size="50,20">	<OnClick>	<submit next="GBDEDITdispensary" function="reset"/>	</OnClick>	</Button><TAB/>	
<Button Text="Search" ToolTip="ttp_gsearchdispensary" Name="gsearchdispensary" Size="50,20">	<OnClick>	
<search next="dispensary_vLst" listed="0" prefixwhere="0" prefixand="0" inputed="1">%{searchtmpl}</search><submit next="GBDEDITdispensary" namelist="search" function="search"/>	
<search next="records_dispensary" listed="0" prefixwhere="1" prefixand="0"  inputed="1">%{searchtmpl}</search><submit next="GBDEDITdispensary" namelist="search" function="search"/>	
</OnClick></Button><TAB/></Ctrls></GroupBox>
<xi:include xmlns:xi="http://www.w3.org/2001/XInclude" href="dispensary_Vpg.xml"/>
<xi:include xmlns:xi="http://www.w3.org/2001/XInclude" href="dispensary_Vpgop.xml"/>
<BR AutoHeight="1"/><xi:include xmlns:xi="http://www.w3.org/2001/XInclude" href="dispensary_Vv.xml"/>
</Ctrls></GroupBox>
</Ctrls></WndTap>
