﻿<WndTap Name="equipment_type_v" Text="equipment_type_v">
<WndTaps>
<xi:include xmlns:xi="http://www.w3.org/2001/XInclude" href="equipment_type_Ve.xml" popup="1"/>
</WndTaps>
<var name="searchtmpl"><equipmenttypeno format="(e.equipmenttypeno like '%%{opvalue}%')"/><equipmenttypename format="(e.equipmenttypename like '%%{opvalue}%')"/><equipmenttypeid format="(e.equipmenttypeid like '%%{opvalue}%')"/><opera format="e.opera='%{opvalue}'"/><uptime format="(e.uptime between '%{uptime[datetime]}' and '%{uptime[datetime2]}')"/></var>
<xi:include xmlns:xi="http://www.w3.org/2001/XInclude" href="lan\equipment_type.xml"/>
<Ctrls><GroupBox  Name="GBequipment_type" id="equipment_type" Text="equipment_type" Size="100,100"><Ctrls>
<xi:include xmlns:xi="http://www.w3.org/2001/XInclude" href="equipment_type_Vs.xml"/>
<BR AutoHeight="1"/><GroupBox  Name="GBOPVequipment_type" Size="100,20" cols="xs12 sm6 md4"><Ctrls>
<Button Text="addone" ToolTip="ttp_addone" Name="addone" Size="50,20">	<OnClick><submit next="$this.equipment_type.GBDEDITequipment_type" function="reset"/><assign name="$this.equipment_type.frmwndctrl" expr="%{$this.equipment_type_vLst}"/></OnClick>	</Button><TAB/>	
<Button Text="reset" ToolTip="ttp_resetequipment_type" Name="resetequipment_type" Size="50,20">	<OnClick>	<submit next="GBDEDITequipment_type" function="reset"/>	</OnClick>	</Button><TAB/>	
<Button Text="Search" ToolTip="ttp_gsearchequipment_type" Name="gsearchequipment_type" Size="50,20">	<OnClick>	
<search next="equipment_type_vLst" listed="0" prefixwhere="0" prefixand="0" inputed="1">%{searchtmpl}</search><submit next="GBDEDITequipment_type" namelist="search" function="search"/>	
<search next="records_equipment_type" listed="0" prefixwhere="1" prefixand="0"  inputed="1">%{searchtmpl}</search><submit next="GBDEDITequipment_type" namelist="search" function="search"/>	
</OnClick></Button><TAB/></Ctrls></GroupBox>
<xi:include xmlns:xi="http://www.w3.org/2001/XInclude" href="equipment_type_Vpg.xml"/>
<xi:include xmlns:xi="http://www.w3.org/2001/XInclude" href="equipment_type_Vpgop.xml"/>
<BR AutoHeight="1"/><xi:include xmlns:xi="http://www.w3.org/2001/XInclude" href="equipment_type_Vv.xml"/>
</Ctrls></GroupBox>
</Ctrls></WndTap>
