﻿<GroupBox cols="xs12 sm6 md4" Multiline="0" Name="GBPGequipment"><Ctrls>
<Label Align="Right" Text="Records" Name="lb_Records" Size="60,20"/>
<TextBox Weight="30" ToolTip="ttp_records" Name="records_equipment" Size="40,20" OnLoad="init" readonly="1">
	<DbDetails fcsm="1">
<Index>equipmentid</Index>
<DbTable>his.equipment e left join his.cabinet c on e.cabinetid=c.cabinetid left join his.equipment_type e0 on e.equipmenttypeid=e0.equipmenttypeid left join his.users u on e.opera=u.user_id left join his.computers c0 on e.computerid=c0.computerid</DbTable>
<Data>count(*) records</Data>
<Order>equipmentid</Order><Queryformat>select %{data} from (select e.equipmentid from %{dbtable} %{where} GROUP BY e.equipmentid  ORDER BY e.equipmentid) t</Queryformat></DbDetails>
<OnEnchange>
<assign name="pgs_equipment" expr="js(Math.ceil(%{records_equipment}/%{equipment_vLst[countsperpage]}))"/>
<assign name="pgscb_equipment" expr="js('1~'+Math.ceil(%{records_equipment}/%{equipment_vLst[countsperpage]}))" function="setitems"/>
</OnEnchange>
</TextBox>
<!--ComboBox Weight="60" ToolTip="ttp_pgs" Name="pgscb_equipment" Size="60,20"><OnSelEndOK><submit next="equipment_vLst" function="GetPage(%{pgscb_equipment}-1)"/></OnSelEndOK></ComboBox-->
<TextBox Weight="30" ToolTip="ttp_pgs" Name="pgs_equipment" Size="30,20" readonly="1"/>
<TextBox Weight="30" ToolTip="ttp_pgcur" Name="pgcur_equipment" Size="30,20"/>
<Button Text="go2Page" Name="go2pageequipment_vLst" Size="50,20"><OnClick><submit next="equipment_vLst" function="GetPage(%{pgcur_equipment}-1)"/></OnClick></Button>
</Ctrls></GroupBox>
