﻿<?xml version="1.0" encoding="UTF-8"?><WndTap Text="equipment_pos" Name="equipment_pos" Ver="2">
<var name="refreshAfterEdit" expr="1"/>
<var name="dataRequired" expr="equipmentid"/>
<var name="dataRequireless" expr=""/>
<xi:include xmlns:xi="http://www.w3.org/2001/XInclude" href="lan\equipment_pos.xml"/>
<Ctrls>
<GroupBox Text="equipment_pos" Name="GBequipment_pos" id="equipment_pos" Size="100,100"><Ctrls>
<xi:include xmlns:xi="http://www.w3.org/2001/XInclude" href="equipment_pos_GBDEDIT.xml"></xi:include><BR AutoHeight="1"/><xi:include xmlns:xi="http://www.w3.org/2001/XInclude" href="equipment_pos_GBOPE.xml"></xi:include>
<TAB/><xi:include xmlns:xi="http://www.w3.org/2001/XInclude" href="equipment_pos_GBOPV.xml"></xi:include>
<BR/><xi:include xmlns:xi="http://www.w3.org/2001/XInclude" href="equipment_pos_GBDV.xml"></xi:include></Ctrls></GroupBox>
</Ctrls>
	<OnChanged/>
	<OnActivate/>
	</WndTap>