﻿<GroupBox cols="xs12 sm6 md4" Name="GBOPVequipment_pos"><Ctrls>
<TAB/><Button Text="initial" ToolTip="ttp_initial" Name="initialequipment_pos" Size="50,20">
<OnClick><submit next="equipment_pos_vLst" function="initial"/><submit next="records_equipment_pos" function="initial"/></OnClick></Button>
<TAB/><Button Text="firstpage" Name="FPequipment_pos_vLst" Size="50,20">
<OnClick><submit next="equipment_pos_vLst" function="GetPage(first)"/><submit next="records_equipment_pos"/></OnClick></Button>
<Button Text="prepage" Name="PREequipment_pos_vLst" Size="50,20">
<OnClick><submit next="equipment_pos_vLst" function="GetPage(Pre)"/></OnClick></Button>
<Button Text="nextpage" Name="NPequipment_pos_vLst" Size="50,20">
<OnClick><submit next="equipment_pos_vLst" function="GetPage(Next)"/></OnClick></Button>
</Ctrls></GroupBox>
