﻿<WndTap Name="hospital_v" Text="hospital_v">
<WndTaps>
<xi:include xmlns:xi="http://www.w3.org/2001/XInclude" href="hospital_Ve.xml" popup="1"/>
</WndTaps>
<var name="searchtmpl"><hospitalname format="(h.hospitalname like '%%{opvalue}%')"/><hospitalno format="(h.hospitalno like '%%{opvalue}%')"/><hospitalid format="(h.hospitalid like '%%{opvalue}%')"/><opera format="h.opera='%{opvalue}'"/><uptime format="(h.uptime between '%{uptime[datetime]}' and '%{uptime[datetime2]}')"/></var>
<xi:include xmlns:xi="http://www.w3.org/2001/XInclude" href="lan\hospital.xml"/>
<Ctrls><GroupBox  Name="GBhospital" id="hospital" Text="hospital" Size="100,100"><Ctrls>
<xi:include xmlns:xi="http://www.w3.org/2001/XInclude" href="hospital_Vs.xml"/>
<BR AutoHeight="1"/><GroupBox  Name="GBOPVhospital" Size="100,20" cols="xs12 sm6 md4"><Ctrls>
<Button Text="addone" ToolTip="ttp_addone" Name="addone" Size="50,20">	<OnClick><submit next="$this.hospital.GBDEDIThospital" function="reset"/><assign name="$this.hospital.frmwndctrl" expr="%{$this.hospital_vLst}"/></OnClick>	</Button><TAB/>	
<Button Text="reset" ToolTip="ttp_resethospital" Name="resethospital" Size="50,20">	<OnClick>	<submit next="GBDEDIThospital" function="reset"/>	</OnClick>	</Button><TAB/>	
<Button Text="Search" ToolTip="ttp_gsearchhospital" Name="gsearchhospital" Size="50,20">	<OnClick>	
<search next="hospital_vLst" listed="0" prefixwhere="0" prefixand="0" inputed="1">%{searchtmpl}</search><submit next="GBDEDIThospital" namelist="search" function="search"/>	
<search next="records_hospital" listed="0" prefixwhere="1" prefixand="0"  inputed="1">%{searchtmpl}</search><submit next="GBDEDIThospital" namelist="search" function="search"/>	
</OnClick></Button><TAB/></Ctrls></GroupBox>
<xi:include xmlns:xi="http://www.w3.org/2001/XInclude" href="hospital_Vpg.xml"/>
<xi:include xmlns:xi="http://www.w3.org/2001/XInclude" href="hospital_Vpgop.xml"/>
<BR AutoHeight="1"/><xi:include xmlns:xi="http://www.w3.org/2001/XInclude" href="hospital_Vv.xml"/>
</Ctrls></GroupBox>
</Ctrls></WndTap>
