﻿<GroupBox cols="xs12 sm6 md4" Name="GBOPVinstock_log"><Ctrls>
<TAB/><Button Text="initial" ToolTip="ttp_initial" Name="initialinstock_log" Size="50,20">
<OnClick><submit next="instock_log_vLst" function="initial"/><submit next="records_instock_log" function="initial"/></OnClick></Button>
<TAB/><Button Text="firstpage" Name="FPinstock_log_vLst" Size="50,20">
<OnClick><submit next="instock_log_vLst" function="GetPage(first)"/><submit next="records_instock_log"/></OnClick></Button>
<Button Text="prepage" Name="PREinstock_log_vLst" Size="50,20">
<OnClick><submit next="instock_log_vLst" function="GetPage(Pre)"/></OnClick></Button>
<Button Text="nextpage" Name="NPinstock_log_vLst" Size="50,20">
<OnClick><submit next="instock_log_vLst" function="GetPage(Next)"/></OnClick></Button>
</Ctrls></GroupBox>
