﻿<WndTap Name="instock_log" Text="instock_log" Ver="2">
<var name="refreshAfterEdit" expr="2"/>
<var name="dataRequired" expr=""/>
<var name="dataRequireless" expr=""/>
<xi:include href="lan\instock_log.xml" xmlns:xi="http://www.w3.org/2001/XInclude"/>
<Ctrls>
<GroupBox  Name="GBinstock_log" id="instock_log" Text="instock_log" Size="100,100"><Ctrls>
<xi:include xmlns:xi="http://www.w3.org/2001/XInclude" href="instock_log_GBDEDIT.xml"/>
<BR AutoHeight="1"/><xi:include xmlns:xi="http://www.w3.org/2001/XInclude" href="instock_log_GBOPE.xml"/>
<xi:include xmlns:xi="http://www.w3.org/2001/XInclude" href="instock_log_Vh.xml"/></Ctrls></GroupBox></Ctrls>
	<OnChanged></OnChanged>
	<OnActivate><SetVisible name="insertinstock_log" Visible="1"/><SetVisible name="modifyinstock_log" Visible="0"/></OnActivate>
</WndTap>
