﻿<WndTap Name="medication_pick" Text="medication_Pick">
<var name="searchtmpl"><medication_no format="(m.medication_no like '%%{opvalue}%')"/><jici format="(m.jici like '%%{opvalue}%')"/><dispensaryid format="m.dispensaryid='%{opvalue}'"/><dept_category format="m.dept_category='%{opvalue}'"/><type format="m.type='%{opvalue}'"/><status format="m.status='%{opvalue}'"/><doctor_no format="(m.doctor_no like '%%{opvalue}%')"/><doctory_diagnosis format="(m.doctory_diagnosis like '%%{opvalue}%')"/><doctory_medicineprescript format="(m.doctory_medicineprescript like '%%{opvalue}%')"/><doctory_medicinefundesc format="(m.doctory_medicinefundesc like '%%{opvalue}%')"/><doctory_usemethod format="(m.doctory_usemethod like '%%{opvalue}%')"/><danji_price format="(m.danji_price like '%%{opvalue}%')"/><total_price format="(m.total_price like '%%{opvalue}%')"/><patient_name format="(m.patient_name like '%%{opvalue}%')"/><patient_sex format="(m.patient_sex like '%%{opvalue}%')"/><patient_age format="(m.patient_age like '%%{opvalue}%')"/><patient_fresh format="m.patient_fresh is %{opvalue}"/><patient_phoneno format="(m.patient_phoneno like '%%{opvalue}%')"/><patient_fallill_time format="(m.patient_fallill_time between '%{patient_fallill_time[datetime]}' and '%{patient_fallill_time[datetime2]}')"/><patient_address format="(m.patient_address like '%%{opvalue}%')"/><patient_intime format="(m.patient_intime between '%{patient_intime[datetime]}' and '%{patient_intime[datetime2]}')"/><patient_allergy format="(m.patient_allergy like '%%{opvalue}%')"/><patient_historyilldes format="(m.patient_historyilldes like '%%{opvalue}%')"/><patient_illshow format="(m.patient_illshow like '%%{opvalue}%')"/><opera format="m.opera='%{opvalue}'"/><uptime format="(m.uptime between '%{uptime[datetime]}' and '%{uptime[datetime2]}')"/><medicationid format="(m.medicationid like '%%{opvalue}%')"/></var>
<xi:include xmlns:xi="http://www.w3.org/2001/XInclude" href="lan\medication.xml"/>
<Ctrls><GroupBox  Name="GBmedication" id="medication" Text="medication" Size="100,100"><Ctrls>
<xi:include xmlns:xi="http://www.w3.org/2001/XInclude" href="medication_Vs.xml"/>
<BR AutoHeight="1"/><GroupBox  Name="GBOPVmedication" Size="100,20" cols="xs12 sm6 md4"><Ctrls>
<Button Text="reset" ToolTip="ttp_resetmedication" Name="resetmedication" Size="50,20">	<OnClick>	<submit next="GBDEDITmedication" function="reset"/>	</OnClick>	</Button><TAB/>	
<Button Text="Search" ToolTip="ttp_gsearchmedication" Name="gsearchmedication" Size="50,20">	<OnClick>	
<search next="medication_vLst" listed="0" prefixwhere="1" prefixand="0" inputed="1">%{searchtmpl}</search><submit next="GBDEDITmedication" namelist="search" function="search"/>	
</OnClick></Button><TAB/></Ctrls></GroupBox>
<BR AutoHeight="1"/><GroupBox Name="GBDVmedication" cols="xs12 sm12 md12 lg12"><Ctrls>
<ListCtrl Name="medication_vLst" ToolTip="ttp_medication_v" Size="700,450" Heading="medication_no,150;jici,25;dispensaryid,120;dept_category,120;type,120;status,120;doctor_no,250;doctory_diagnosis,500;doctory_medicineprescript,500;doctory_medicinefundesc,500;doctory_usemethod,500;danji_price,50;total_price,50;patient_name,250;patient_sex,25;patient_age,20;patient_fresh,60;patient_phoneno,100;patient_fallill_time,150;patient_address,250;patient_intime,150;patient_allergy,500;patient_historyilldes,500;patient_illshow,500;opera,55;uptime,150;medicationid,100;"   colsDisplay="7" loadedclick="0">
	<DbDetails >
<Index>medicationid</Index>
<DbTable>his.medication m left join his.dispensary d on m.dispensaryid=d.dispensaryid left join his.dept_category d0 on m.dept_category=d0.dept_categoryid left join his.status_option s on m.type=s.statuscode left join his.status_option s0 on m.status=s0.statuscode left join his.users u on m.opera=u.user_id</DbTable>
<Data>m.medication_no,m.jici,d.dispensaryname dispensaryid,d0.dept_categoryname dept_category,s.statusname type,s0.statusname status,m.doctor_no,m.doctory_diagnosis,m.doctory_medicineprescript,m.doctory_medicinefundesc,m.doctory_usemethod,m.danji_price,m.total_price,m.patient_name,m.patient_sex,m.patient_age,m.patient_fresh,m.patient_phoneno,m.patient_fallill_time,m.patient_address,m.patient_intime,m.patient_allergy,m.patient_historyilldes,m.patient_illshow,u.user_name opera,m.uptime,m.medicationid,m.status statusid</Data>
<Order>medicationid</Order></DbDetails>
<DbDetails><queryFormat xml:base="d:\Program Files (x86)\3UCS\3UCS Server\layout\biztools\mysqlcfg.xml" id="tbpages">select %{data} from %{dbtable} %{where} limit %{StartRow},%{PgSize}</queryFormat></DbDetails>
<OnClick><if cond="%{medication_vLst[medicationid]}"><DbDetails><Where>medicationid='%{medication_vLst[medicationid]}'</Where></DbDetails><submit namelist="DbDetails" next="$parent.%{frmwndctrl}"/><submit function="onok"/></if></OnClick>
</ListCtrl>
</Ctrls></GroupBox>
</Ctrls></GroupBox>
</Ctrls></WndTap>
