﻿<WndTap Name="medication_detail_op_v" Text="medication_detail_op_v">
<WndTaps>
<xi:include xmlns:xi="http://www.w3.org/2001/XInclude" href="medication_detail_op_Ve.xml" popup="1"/>
</WndTaps>
<var name="searchtmpl"><medicationid format="m.medicationid='%{opvalue}'"/><medication_detailid format="m.medication_detailid='%{opvalue}'"/><medicineid format="m.medicineid='%{opvalue}'"/><bottleid format="m.bottleid='%{opvalue}'"/><cabinetid format="m.cabinetid='%{opvalue}'"/><cabinet_cellid format="m.cabinet_cellid='%{opvalue}'"/><equipmentid format="m.equipmentid='%{opvalue}'"/><equipment_posid format="m.equipment_posid='%{opvalue}'"/><equipment_pos_degree format="(m.equipment_pos_degree like '%%{opvalue}%')"/><qtyapply format="(m.qtyapply like '%%{opvalue}%')"/><qtyrelease format="(m.qtyrelease like '%%{opvalue}%')"/><opera format="m.opera='%{opvalue}'"/><uptime format="(m.uptime between '%{uptime[datetime]}' and '%{uptime[datetime2]}')"/><transid format="(m.transid like '%%{opvalue}%')"/></var>
<xi:include xmlns:xi="http://www.w3.org/2001/XInclude" href="lan\medication_detail_op.xml"/>
<Ctrls><GroupBox  Name="GBmedi_trans" id="medi_trans" Text="medi_trans" Size="100,100"><Ctrls>
<xi:include xmlns:xi="http://www.w3.org/2001/XInclude" href="medication_detail_op_Vs.xml"/>
<BR AutoHeight="1"/><GroupBox  Name="GBOPVmedi_trans" Size="100,20" cols="xs12 sm6 md4"><Ctrls>
<Button Text="addone" ToolTip="ttp_addone" Name="addone" Size="50,20">	<OnClick><submit next="$this.medication_detail_op.GBDEDITmedi_trans" function="reset"/><assign name="$this.medication_detail_op.frmwndctrl" expr="%{$this.medi_trans_vLst}"/></OnClick>	</Button><TAB/>	
<Button Text="reset" ToolTip="ttp_resetmedi_trans" Name="resetmedi_trans" Size="50,20">	<OnClick>	<submit next="GBDEDITmedi_trans" function="reset"/>	</OnClick>	</Button><TAB/>	
<Button Text="Search" ToolTip="ttp_gsearchmedi_trans" Name="gsearchmedi_trans" Size="50,20">	<OnClick>	
<search next="medi_trans_vLst" listed="0" prefixwhere="0" prefixand="0" inputed="1">%{searchtmpl}</search><submit next="GBDEDITmedi_trans" namelist="search" function="search"/>	
<search next="records_medi_trans" listed="0" prefixwhere="1" prefixand="0"  inputed="1">%{searchtmpl}</search><submit next="GBDEDITmedi_trans" namelist="search" function="search"/>	
</OnClick></Button><TAB/></Ctrls></GroupBox>
<xi:include xmlns:xi="http://www.w3.org/2001/XInclude" href="medication_detail_op_Vpg.xml"/>
<xi:include xmlns:xi="http://www.w3.org/2001/XInclude" href="medication_detail_op_Vpgop.xml"/>
<BR AutoHeight="1"/><xi:include xmlns:xi="http://www.w3.org/2001/XInclude" href="medication_detail_op_Vv.xml"/>
</Ctrls></GroupBox>
</Ctrls></WndTap>
