﻿<WndTap Name="medicine_control" Text="medicine_control" Ver="2">
<var name="refreshAfterEdit" expr="2"/>
<var name="dataRequired" expr="medicineid[medicineid]"/>
<var name="dataRequireless" expr=""/>
<xi:include href="lan\medicine_control.xml" xmlns:xi="http://www.w3.org/2001/XInclude"/>
<Ctrls>
<GroupBox  Name="GBmedicine_control" id="medicine_control" Text="medicine_control" Size="100,100"><Ctrls>
<xi:include xmlns:xi="http://www.w3.org/2001/XInclude" href="medicine_control_GBDEDIT.xml"/>
<BR AutoHeight="1"/><xi:include xmlns:xi="http://www.w3.org/2001/XInclude" href="medicine_control_GBOPE.xml"/>
<xi:include xmlns:xi="http://www.w3.org/2001/XInclude" href="medicine_control_Vh.xml"/></Ctrls></GroupBox></Ctrls>
	<OnChanged></OnChanged>
	<OnActivate><SetVisible name="insertmedicine_control" Visible="1"/><SetVisible name="modifymedicine_control" Visible="0"/></OnActivate>
</WndTap>
