﻿<GroupBox cols="xs12 sm6 md4" Name="GBOPVmedicine_info" Size="100,100"><Ctrls>
<Button Text="delete" ToolTip="ttp_deletemedicine_info" Name="deletemedicine_info" Size="50,20">
	<OnClick>
	<DbDetails fcsm="1">
<DbTable>his.medicine_info</DbTable>
<Where>medicineid='%{medicine_infoLst[medicineid]}'</Where>
<queryFormat>delete from %{table} where %{where}</queryFormat></DbDetails>
	<submit namelist="DbDetails"/><submit next="searchmedicine_info" function="click"/>
	</OnClick>
	</Button><TAB/>
<Button Text="refresh" ToolTip="ttp_refreshmedicine_info" Name="searchmedicine_info" Size="50,20">
			  <OnClick><submit next="medicine_infoLst"/>	</OnClick>
</Button>
<TAB/><TAB/><Button Text="firstpage" Name="FPmedicine_infoLst" OnClick="(medicine_infoLst)GetPage(First)" Size="50,20"/>
<TAB/><Button Text="prepage" Name="PREmedicine_infoLst" OnClick="(medicine_infoLst)GetPage(Pre)" Size="50,20"/>
<TAB/><Button Text="nextpage" Name="NPmedicine_infoLst" OnClick="(medicine_infoLst)GetPage(Next)" Size="50,20"/>
</Ctrls></GroupBox>