﻿<?xml version="1.0" encoding="UTF-8"?><WndTap Text="medicine_control" Name="medicine_control" Ver="2">
<var name="refreshAfterEdit" expr="1"/>
<var name="dataRequired" expr="medicineid[medicineid]"/>
<var name="dataRequireless" expr=""/>
<xi:include xmlns:xi="http://www.w3.org/2001/XInclude" href="lan\medicine_control.xml"/>
<Ctrls>
<GroupBox Text="medicine_control" Name="GBmedicine_control" id="medicine_control" Size="100,100"><Ctrls>
<xi:include xmlns:xi="http://www.w3.org/2001/XInclude" href="medicine_control_GBDEDIT.xml"></xi:include><BR AutoHeight="1"/><xi:include xmlns:xi="http://www.w3.org/2001/XInclude" href="medicine_control_GBOPE.xml"></xi:include>
<TAB/><xi:include xmlns:xi="http://www.w3.org/2001/XInclude" href="medicine_control_GBOPV.xml"></xi:include>
<BR/><xi:include xmlns:xi="http://www.w3.org/2001/XInclude" href="medicine_control_GBDV.xml"></xi:include></Ctrls></GroupBox>
</Ctrls>
	<OnChanged/>
	<OnActivate/>
	</WndTap>