﻿<GroupBox cols="xs12 sm6 md4" Multiline="0" Name="GBPGmedication"><Ctrls>
<Label Align="Right" Text="Records" Name="lb_Records" Size="60,20"/>
<TextBox Weight="30" ToolTip="ttp_records" Name="records_medication" Size="40,20" OnLoad="init" readonly="1">
	<DbDetails fcsm="1">
<Index>medicationid</Index>
<DbTable>his.medication m left join his.dispensary d on m.dispensaryid=d.dispensaryid left join his.dept_category d0 on m.dept_category=d0.dept_categoryid left join his.status_option s on m.type=s.statuscode left join his.status_option s0 on m.status=s0.statuscode left join his.users u on m.opera=u.user_id</DbTable>
<Data>count(*) records</Data>
<Order>medicationid</Order><Queryformat>select %{data} from (select m.medicationid from %{dbtable} %{where} GROUP BY m.medicationid  ORDER BY m.medicationid) t</Queryformat></DbDetails>
<OnEnchange>
<assign name="pgs_medication" expr="js(Math.ceil(%{records_medication}/%{medication_vLst[countsperpage]}))"/>
<assign name="pgscb_medication" expr="js('1~'+Math.ceil(%{records_medication}/%{medication_vLst[countsperpage]}))" function="setitems"/>
</OnEnchange>
</TextBox>
<!--ComboBox Weight="60" ToolTip="ttp_pgs" Name="pgscb_medication" Size="60,20"><OnSelEndOK><submit next="medication_vLst" function="GetPage(%{pgscb_medication}-1)"/></OnSelEndOK></ComboBox-->
<TextBox Weight="30" ToolTip="ttp_pgs" Name="pgs_medication" Size="30,20" readonly="1"/>
<TextBox Weight="30" ToolTip="ttp_pgcur" Name="pgcur_medication" Size="30,20"/>
<Button Text="go2Page" Name="go2pagemedication_vLst" Size="50,20"><OnClick><submit next="medication_vLst" function="GetPage(%{pgcur_medication}-1)"/></OnClick></Button>
</Ctrls></GroupBox>
