﻿<?xml version="1.0" encoding="UTF-8"?><WndTap Text="medication_detail_op" Name="medication_detail_op" Ver="2">
<var name="refreshAfterEdit" expr="1"/>
<var name="dataRequired" expr="medicineid[medicineid],bottleid[bottleid],cabinetid[cabinetid],cabinet_cellid[cellid]"/>
<var name="dataRequireless" expr=""/>
<xi:include xmlns:xi="http://www.w3.org/2001/XInclude" href="lan\medication_detail_op.xml"/>
<Ctrls>
<GroupBox Text="medi_trans" Name="GBmedi_trans" id="medi_trans" Size="100,100"><Ctrls>
<xi:include xmlns:xi="http://www.w3.org/2001/XInclude" href="medication_detail_op_GBDEDIT.xml"></xi:include><BR AutoHeight="1"/><xi:include xmlns:xi="http://www.w3.org/2001/XInclude" href="medication_detail_op_GBOPE.xml"></xi:include>
<TAB/><xi:include xmlns:xi="http://www.w3.org/2001/XInclude" href="medication_detail_op_GBOPV.xml"></xi:include>
<BR/><xi:include xmlns:xi="http://www.w3.org/2001/XInclude" href="medication_detail_op_GBDV.xml"></xi:include></Ctrls></GroupBox>
</Ctrls>
	<OnChanged/>
	<OnActivate/>
	</WndTap>