﻿<WndTap Name="medicine_info_v" Text="medicine_info_v">
<WndTaps>
<xi:include xmlns:xi="http://www.w3.org/2001/XInclude" href="medicine_info_Ve.xml" popup="1"/>
</WndTaps>
<var name="searchtmpl"><medicineno format="(m.medicineno like '%%{opvalue}%')"/><medicinenocn format="(m.medicinenocn like '%%{opvalue}%')"/><medicinenopy format="(m.medicinenopy like '%%{opvalue}%')"/><packno format="(m.packno like '%%{opvalue}%')"/><medicinecode format="(m.medicinecode like '%%{opvalue}%')"/><density format="(m.density like '%%{opvalue}%')"/><equivalent format="(m.equivalent like '%%{opvalue}%')"/><price format="(m.price like '%%{opvalue}%')"/><warningval_jiliang format="(m.warningval_jiliang like '%%{opvalue}%')"/><warningval_stock format="(m.warningval_stock like '%%{opvalue}%')"/><warningval_cabinet format="(m.warningval_cabinet like '%%{opvalue}%')"/><ispoison format="m.ispoison is %{opvalue}"/><isanesthetic format="m.isanesthetic is %{opvalue}"/><medicineid format="(m.medicineid like '%%{opvalue}%')"/><opera format="m.opera='%{opvalue}'"/><uptime format="(m.uptime between '%{uptime[datetime]}' and '%{uptime[datetime2]}')"/><isdel format="m.isdel is %{opvalue}"/></var>
<xi:include xmlns:xi="http://www.w3.org/2001/XInclude" href="lan\medicine_info.xml"/>
<Ctrls><GroupBox  Name="GBmedicine_info" id="medicine_info" Text="medicine_info" Size="100,100"><Ctrls>
<xi:include xmlns:xi="http://www.w3.org/2001/XInclude" href="medicine_info_Vs.xml"/>
<BR AutoHeight="1"/><GroupBox  Name="GBOPVmedicine_info" Size="100,20" cols="xs12 sm6 md4"><Ctrls>
<Button Text="addone" ToolTip="ttp_addone" Name="addone" Size="50,20">	<OnClick><submit next="$this.medicine_info.GBDEDITmedicine_info" function="reset"/><assign name="$this.medicine_info.frmwndctrl" expr="%{$this.medicine_info_vLst}"/></OnClick>	</Button><TAB/>	
<Button Text="reset" ToolTip="ttp_resetmedicine_info" Name="resetmedicine_info" Size="50,20">	<OnClick>	<submit next="GBDEDITmedicine_info" function="reset"/>	</OnClick>	</Button><TAB/>	
<Button Text="Search" ToolTip="ttp_gsearchmedicine_info" Name="gsearchmedicine_info" Size="50,20">	<OnClick>	
<search next="medicine_info_vLst" listed="0" prefixwhere="1" prefixand="0" inputed="1">%{searchtmpl}</search><submit next="GBDEDITmedicine_info" namelist="search" function="search"/>	
<search next="records_medicine_info" listed="0" prefixwhere="1" prefixand="0"  inputed="1">%{searchtmpl}</search><submit next="GBDEDITmedicine_info" namelist="search" function="search"/>	
</OnClick></Button><TAB/></Ctrls></GroupBox>
<xi:include xmlns:xi="http://www.w3.org/2001/XInclude" href="medicine_info_Vpg.xml"/>
<xi:include xmlns:xi="http://www.w3.org/2001/XInclude" href="medicine_info_Vpgop.xml"/>
<BR AutoHeight="1"/><xi:include xmlns:xi="http://www.w3.org/2001/XInclude" href="medicine_info_Vv.xml"/>
</Ctrls></GroupBox>
</Ctrls></WndTap>
