﻿<GroupBox Name="GBDEDITmedicine_control" text="Search" toggle="1"><Ctrls>
<GroupBox Name="GB_medicineid" Multiline="0" cols="xs12 sm6 md4"><Ctrls>
<Label Name="lb_medicineid" Size="60,20" Text="medicineid" Align="Right"/>
<TextBox Name="medicineid" Size="150,20" Text="" Weight="150" ToolTip="ttp_medicineid">
	<DbDetails fcsm="true">
<Index>medicineid</Index>
<DbTable>his.medicine_info</DbTable>
<Data>medicinenocn,medicineno,medicineid</Data>
<Where>!isdel</Where>
<queryFormat></queryFormat></DbDetails></TextBox>
<MagicCtrl Name="pickmedicineid" Link="tip:Pick" images=",data/search.png" button="type:0" Size="20,20"><OnClick><assign name="$this.medicine_info_pick.frmwndctrl" expr="medicineid"/><DbDetails><Where></Where></DbDetails><submit namelist="DbDetails" next="$this.medicine_info_pick.medicine_info_vLst"/></OnClick></MagicCtrl>\r\n</Ctrls></GroupBox>
<GroupBox Name="GB_relation" Multiline="0" cols="xs12 sm6 md4"><Ctrls>
<Label Name="lb_relation" Size="60,20" Text="relation" Align="Right"  onload="init"/>
<ComboBox Name="relation" Size="170,100" Text="" Weight="170"  ToolTip="ttp_relation"  onload="init">
	<DbDetails>
<Index>relationid</Index>
<DbTable>his.medicine_control_type</DbTable>
<Data>relationtype,relationid</Data>
<Where></Where>
<queryFormat></queryFormat></DbDetails></ComboBox>
</Ctrls></GroupBox>
<GroupBox Name="GB_medicine2id" Multiline="0" cols="xs12 sm6 md4"><Ctrls>
<Label Name="lb_medicine2id" Size="60,20" Text="medicine2id" Align="Right"/>
<TextBox Name="medicine2id" Size="150,20" Text="" Weight="150" ToolTip="ttp_medicine2id">
	<DbDetails>
<Index>medicineid</Index>
<DbTable>his.medicine_info</DbTable>
<Data>medicinenocn,medicineno,medicineid</Data>
<Where></Where>
<queryFormat></queryFormat></DbDetails></TextBox>
<MagicCtrl Name="pickmedicine2id" Link="tip:Pick" images=",data/search.png" button="type:0" Size="20,20"><OnClick><assign name="$this.medicine_info_pick.frmwndctrl" expr="medicine2id"/><DbDetails><Where></Where></DbDetails><submit namelist="DbDetails" next="$this.medicine_info_pick.medicine_info_vLst"/></OnClick></MagicCtrl>\r\n</Ctrls></GroupBox>
</Ctrls></GroupBox>