﻿<GroupBox cols="xs12 sm6 md4" Name="GBOPEstocklocationinfo" Size="100,100"><Ctrls>
<Button sqlpkinsert="locationid" Text="create" ToolTip="ttp_createstocklocationinfo" Name="insertstocklocationinfo" Size="50,20">
<OnClick>
<DbDetails mode="insert" fcsm="1">
<DbTable>his.stocklocationinfo</DbTable>
<Required>%{dataRequired}</Required>
<Requireless>%{dataRequireless}</Requireless>
<Data>stockno,location_no,location_name,location_guige,location_status,memo,insert_time</Data>
<DataEx>opera;'%{operaid}'</DataEx>
<queryFormat>insert into %{table} %{data}</queryFormat></DbDetails>
<submit namelist="DbDetails"/><if cond="!%{insertstocklocationinfo[broke]}"><if cond="%{refreshAfterEdit}==1"><submit next="stocklocationinfoLst" delay="1000"/><elseif cond="%{refreshAfterEdit}==2"/><if cond="1"><if cond="'%{frmwndctrl}'"><submit next="%{frmwndctrl}" delay="1000"/><else/><submit next="$parent.stocklocationinfo_vLst" delay="1000"/></if></if></if></if>
	</OnClick>
	</Button><TAB/>
<Button Text="modify" ToolTip="ttp_modifystocklocationinfo" Name="modifystocklocationinfo" Size="50,20">
<OnClick>
<DbDetails mode="update" fcsm="1">
<DbTable>his.stocklocationinfo</DbTable>
<Required>%{dataRequired}</Required>
<Requireless>%{dataRequireless}</Requireless>
<Data>stockno,location_no,location_name,location_guige,location_status,memo</Data>
<DataEx>opera;'%{operaid}'</DataEx>
<Where>locationid='%{locationid}'</Where>
<queryFormat>update %{table} set %{data} where %{where}</queryFormat></DbDetails>
<submit namelist="DbDetails"/><if cond="!%{modifystocklocationinfo[broke]}"><if cond="%{refreshAfterEdit}==1"><submit next="stocklocationinfoLst" delay="1000"/><elseif cond="%{refreshAfterEdit}==2"/><if cond="'%{frmwndctrl}'"><submit next="%{frmwndctrl}" delay="1000"/><else/><submit next="$parent.stocklocationinfo_vLst" delay="1000"/></if></if></if>
	</OnClick>
</Button><TAB/>
<Button Text="reset" ToolTip="ttp_resetstocklocationinfo" Name="resetstocklocationinfo" Size="50,20">
<OnClick>
<submit next="GBDEDITstocklocationinfo" function="reset"/>
	</OnClick>
</Button><TAB/>
<Button Text="Search" ToolTip="ttp_gsearchstocklocationinfo" Name="gsearchstocklocationinfo" Size="50,20" visible="false">
<OnClick>
<search next="stocklocationinfoLst" listed="0" prefixwhere="0" prefixand="0" inputed="1"/><submit next="GBDEDITstocklocationinfo" namelist="search" function="search"/>
	</OnClick>
</Button><TAB/>
</Ctrls></GroupBox>