﻿<GroupBox cols="xs12 sm6 md4" Name="GBOPVstockbaseinfo"><Ctrls>
<TAB/><Button Text="initial" ToolTip="ttp_initial" Name="initialstockbaseinfo" Size="50,20">
<OnClick><submit next="stockbaseinfo_vLst" function="initial"/><submit next="records_stockbaseinfo" function="initial"/></OnClick></Button>
<TAB/><Button Text="firstpage" Name="FPstockbaseinfo_vLst" Size="50,20">
<OnClick><submit next="stockbaseinfo_vLst" function="GetPage(first)"/><submit next="records_stockbaseinfo"/></OnClick></Button>
<Button Text="prepage" Name="PREstockbaseinfo_vLst" Size="50,20">
<OnClick><submit next="stockbaseinfo_vLst" function="GetPage(Pre)"/></OnClick></Button>
<Button Text="nextpage" Name="NPstockbaseinfo_vLst" Size="50,20">
<OnClick><submit next="stockbaseinfo_vLst" function="GetPage(Next)"/></OnClick></Button>
</Ctrls></GroupBox>
