﻿<GroupBox Name="GBDEDITstocklocationinfo"><Ctrls>
<GroupBox cols="xs12 sm6 md4" Multiline="0" Name="GB_stockno"><Ctrls>
<Label Align="Right" Text="stockno" Name="lb_stockno" Size="60,20"/>
<TextBox Weight="170" Text="" ToolTip="ttp_stockno" Name="stockno" Size="170,20"/>
</Ctrls></GroupBox>
<GroupBox cols="xs12 sm6 md4" Multiline="0" Name="GB_location_no"><Ctrls>
<Label Align="Right" Text="location_no" Name="lb_location_no" Size="60,20"/>
<TextBox Weight="170" Text="" ToolTip="ttp_location_no" Name="location_no" Size="170,20"/>
</Ctrls></GroupBox>
<GroupBox cols="xs12 sm6 md4" Multiline="0" Name="GB_location_name"><Ctrls>
<Label Align="Right" Text="location_name" Name="lb_location_name" Size="60,20"/>
<TextBox Weight="170" Text="" ToolTip="ttp_location_name" Name="location_name" Size="170,20"/>
</Ctrls></GroupBox>
<BR AutoHeight="1"/><GroupBox cols="xs12 sm6 md4" Multiline="0" Name="GB_location_guige"><Ctrls>
<Label Align="Right" Text="location_guige" Name="lb_location_guige" Size="60,20"/>
<TextBox Weight="170" Text="" ToolTip="ttp_location_guige" Name="location_guige" Size="170,20"/>
</Ctrls></GroupBox>
<GroupBox cols="xs12 sm6 md4" Multiline="0" Name="GB_location_status"><Ctrls>
<Label Align="Right" Text="location_status" Name="lb_location_status" Size="60,20"/>
<TextBox Weight="170" Text="" ToolTip="ttp_location_status" Name="location_status" Size="170,20"/>
</Ctrls></GroupBox>
<GroupBox cols="xs12 sm6 md4" Multiline="0" Name="GB_memo"><Ctrls>
<Label Align="Right" Text="memo" Name="lb_memo" Size="60,20"/>
<TextBox Weight="170" Text="" ToolTip="ttp_memo" Name="memo" Size="170,20"/>
</Ctrls></GroupBox>
<GroupBox cols="xs12 sm6 md4" Multiline="0" overlap="pre" Name="GB_insert_time" Visible="false"><Ctrls>
<Label Align="Right" Text="insert_time" overlap="pre" Name="lb_insert_time" readonly="true" Size="60,20" Visible="false"/>
<DateTime Weight="170" Text="" ToolTip="ttp_insert_time" overlap="pre" Name="insert_time" readonly="true" Size="170,20" Visible="false" Format="yyyy-MM-dd HH:mm:ss"/>
</Ctrls></GroupBox>
<GroupBox cols="xs12 sm6 md4" Multiline="0" overlap="pre" Name="GB_delemp" Visible="false"><Ctrls>
<Label Align="Right" Text="delemp" overlap="pre" Name="lb_delemp" readonly="true" Size="60,20" Visible="false"/>
<TextBox Weight="170" Text="" ToolTip="ttp_delemp" overlap="pre" Name="delemp" readonly="true" Size="170,20" Visible="false"/>
</Ctrls></GroupBox>
<GroupBox cols="xs12 sm6 md4" Multiline="0" overlap="pre" Name="GB_deltime" Visible="false"><Ctrls>
<Label Align="Right" Text="deltime" overlap="pre" Name="lb_deltime" readonly="true" Size="60,20" Visible="false"/>
<DateTime Weight="170" Text="" ToolTip="ttp_deltime" overlap="pre" Name="deltime" readonly="true" Size="170,20" Visible="false" Format="yyyy-MM-dd HH:mm:ss"/>
</Ctrls></GroupBox>
<GroupBox cols="xs12 sm6 md4" Multiline="0" overlap="pre" Name="GB_opera" Visible="false"><Ctrls>
<Label Align="Right" Text="opera" overlap="pre" Name="lb_opera" readonly="true" Size="60,20" Visible="false"/>
<TextBox Weight="170" Text="" ToolTip="ttp_opera" overlap="pre" Name="opera" readonly="true" Size="170,20" Visible="false">
	<DbDetails>
<Index>user_id</Index>
<DbTable>his.users</DbTable>
<Data>user_name,user_id</Data>
<Where/>
<queryFormat/></DbDetails></TextBox>
</Ctrls></GroupBox>
<GroupBox cols="xs12 sm6 md4" Multiline="0" overlap="pre" Name="GB_locationid" Visible="false"><Ctrls>
<Label Align="Right" Text="locationid" overlap="pre" Name="lb_locationid" readonly="true" Size="60,20" Visible="false"/>
<TextBox Weight="170" Text="" ToolTip="ttp_locationid" overlap="pre" Name="locationid" readonly="true" Size="170,20" Visible="false"><OnEnChange><if cond="'%{locationid}'"><SetVisible name="insertstocklocationinfo" Visible="0"/><SetVisible name="modifystocklocationinfo" Visible="1"/><else/><SetVisible name="insertstocklocationinfo" Visible="1"/><SetVisible name="modifystocklocationinfo" Visible="0"/></if></OnEnChange></TextBox>
</Ctrls></GroupBox>
<GroupBox cols="xs12 sm6 md4" Multiline="0" overlap="pre" Name="GB_stockid" Visible="false"><Ctrls>
<Label Align="Right" Text="stockid" overlap="pre" Name="lb_stockid" readonly="true" Size="60,20" Visible="false"/>
<TextBox Weight="170" Text="" ToolTip="ttp_stockid" overlap="pre" Name="stockid" readonly="true" Size="170,20" Visible="false"/>
</Ctrls></GroupBox>
</Ctrls></GroupBox>