﻿<GroupBox cols="xs12 sm6 md4" Multiline="0" Name="GBPGusers"><Ctrls>
<Label Align="Right" Text="Records" Name="lb_Records" Size="60,20"/>
<TextBox Weight="30" ToolTip="ttp_records" Name="records_users" Size="40,20" OnLoad="init" readonly="1">
	<DbDetails fcsm="1">
<Index>user_id</Index>
<DbTable>his.users u left join his.user_role u0 on u.user_role=u0.role_id left join his.department d on u.dept_info=d.departmentid</DbTable>
<Data>count(*) records</Data>
<Order>user_id</Order><Queryformat>select %{data} from (select u.user_id from %{dbtable} %{where} GROUP BY u.user_id  ORDER BY u.user_id) t</Queryformat></DbDetails>
<OnEnchange>
<assign name="pgs_users" expr="js(Math.ceil(%{records_users}/%{users_vLst[countsperpage]}))"/>
<assign name="pgscb_users" expr="js('1~'+Math.ceil(%{records_users}/%{users_vLst[countsperpage]}))" function="setitems"/>
</OnEnchange>
</TextBox>
<!--ComboBox Weight="60" ToolTip="ttp_pgs" Name="pgscb_users" Size="60,20"><OnSelEndOK><submit next="users_vLst" function="GetPage(%{pgscb_users}-1)"/></OnSelEndOK></ComboBox-->
<TextBox Weight="30" ToolTip="ttp_pgs" Name="pgs_users" Size="30,20" readonly="1"/>
<TextBox Weight="30" ToolTip="ttp_pgcur" Name="pgcur_users" Size="30,20"/>
<Button Text="go2Page" Name="go2pageusers_vLst" Size="50,20"><OnClick><submit next="users_vLst" function="GetPage(%{pgcur_users}-1)"/></OnClick></Button>
</Ctrls></GroupBox>
