﻿<GroupBox cols="xs12 sm6 md4" Name="GBOPVusers"><Ctrls>
<TAB/><Button Text="initial" ToolTip="ttp_initial" Name="initialusers" Size="50,20">
<OnClick><submit next="users_vLst" function="initial"/><submit next="records_users" function="initial"/></OnClick></Button>
<TAB/><Button Text="firstpage" Name="FPusers_vLst" Size="50,20">
<OnClick><submit next="users_vLst" function="GetPage(first)"/><submit next="records_users"/></OnClick></Button>
<Button Text="prepage" Name="PREusers_vLst" Size="50,20">
<OnClick><submit next="users_vLst" function="GetPage(Pre)"/></OnClick></Button>
<Button Text="nextpage" Name="NPusers_vLst" Size="50,20">
<OnClick><submit next="users_vLst" function="GetPage(Next)"/></OnClick></Button>
</Ctrls></GroupBox>
