﻿<?xml version="1.0" encoding="UTF-8" standalone="no"?><WndTap Text="xiefang_t" Name="xiefang_t" Ver="2">
<var name="refreshAfterEdit" expr="1"/>
<var name="dataRequired" expr=""/>
<var name="dataRequireless" expr=""/>
<xi:include xmlns:xi="http://www.w3.org/2001/XInclude" href="lan\xiefang_t.xml"/>
<xi:include xmlns:xi="http://www.w3.org/2001/XInclude" href="lan\xiefang_detail.xml"/>
<Ctrls>
<GroupBox Text="xiefang_t" Name="GBxiefang_t" id="xiefang_t" Size="100,100"><Ctrls>
<xi:include xmlns:xi="http://www.w3.org/2001/XInclude" href="xiefang_t_GBDEDIT.xml"></xi:include><BR AutoHeight="1"/><xi:include xmlns:xi="http://www.w3.org/2001/XInclude" href="xiefang_t_GBOPE.xml"></xi:include>
<TAB/><xi:include xmlns:xi="http://www.w3.org/2001/XInclude" href="xiefang_t_GBOPV.xml"></xi:include>
<BR/><xi:include xmlns:xi="http://www.w3.org/2001/XInclude" href="xiefang_t_GBDV.xml"></xi:include></Ctrls></GroupBox>
</Ctrls>
	<OnChanged/>
	<OnActivate/>
	</WndTap>