﻿<GroupBox Name="GBDEDITxiefang_detail" text="Search" toggle="1"><Ctrls>
<GroupBox Name="GB_medicineid" Multiline="0" cols="xs12 sm6 md4"><Ctrls>
<Label Name="lb_medicineid" Size="60,20" Text="medicineid" Align="Right"/>
<TextBox Name="medicineid" Size="150,20" Text="" Weight="150" ToolTip="ttp_medicineid">
	<DbDetails fcsm="true">
<Index>medicineid</Index>
<DbTable>his.medicine_info</DbTable>
<Data>medicineno,medicinenocn,medicinenopy,medicineid</Data>
<Where></Where>
<queryFormat></queryFormat></DbDetails></TextBox>
<MagicCtrl Name="pickmedicineid" Link="tip:Pick" images=",data/search.png" button="type:0" Size="20,20"><OnClick><assign name="$this.medicine_info_pick.frmwndctrl" expr="medicineid"/><DbDetails><Where></Where></DbDetails><submit namelist="DbDetails" next="$this.medicine_info_pick.medicine_info_vLst"/></OnClick></MagicCtrl>\r\n</Ctrls></GroupBox>
<GroupBox Name="GB_medicinenopy" Multiline="0" cols="xs12 sm6 md4"><Ctrls>
<Label Name="lb_medicinenopy" Size="60,20" Text="medicinenopy" Align="Right"/>
<TextBox Name="medicinenopy" Size="170,20" Text="" Weight="170" ToolTip="ttp_medicinenopy"></TextBox>
</Ctrls></GroupBox>
<GroupBox Name="GB_medicinenocn" Multiline="0" cols="xs12 sm6 md4"><Ctrls>
<Label Name="lb_medicinenocn" Size="60,20" Text="medicinenocn" Align="Right"/>
<TextBox Name="medicinenocn" Size="170,20" Text="" Weight="170" ToolTip="ttp_medicinenocn"></TextBox>
</Ctrls></GroupBox>
<BR AutoHeight="1"/><GroupBox Name="GB_medicine_pweight" Multiline="0" cols="xs12 sm6 md4"><Ctrls>
<Label Name="lb_medicine_pweight" Size="60,20" Text="medicine_pweight" Align="Right"/>
<TextBox Name="medicine_pweight" Size="170,20" Text="" Weight="170" ToolTip="ttp_medicine_pweight"></TextBox>
</Ctrls></GroupBox>
</Ctrls></GroupBox>