﻿<WndTap Name="xiefang_detail" Text="xiefang_detail" Ver="2">
<var name="refreshAfterEdit" expr="2"/>
<var name="dataRequired" expr="xiefangid"/>
<var name="dataRequireless" expr=""/>
<xi:include href="lan\xiefang_detail.xml" xmlns:xi="http://www.w3.org/2001/XInclude"/>
<Ctrls>
<GroupBox  Name="GBxiefang_detail" id="xiefang_detail" Text="xiefang_detail" Size="100,100"><Ctrls>
<xi:include xmlns:xi="http://www.w3.org/2001/XInclude" href="xiefang_detail_GBDEDIT.xml"/>
<BR AutoHeight="1"/><xi:include xmlns:xi="http://www.w3.org/2001/XInclude" href="xiefang_detail_GBOPE.xml"/>
<xi:include xmlns:xi="http://www.w3.org/2001/XInclude" href="xiefang_detail_Vh.xml"/></Ctrls></GroupBox></Ctrls>
	<OnChanged></OnChanged>
	<OnActivate><SetVisible name="insertxiefang_detail" Visible="1"/><SetVisible name="modifyxiefang_detail" Visible="0"/></OnActivate>
</WndTap>
