﻿<?xml version="1.0" encoding="UTF-8" standalone="no"?><WndTap Text="xiefang_detail" Name="xiefang_detail" Ver="2">
<var name="refreshAfterEdit" expr="1"/>
<var name="dataRequired" expr="xiefangid"/>
<var name="dataRequireless" expr=""/>
<xi:include xmlns:xi="http://www.w3.org/2001/XInclude" href="lan\xiefang_detail.xml"/>
<Ctrls>
<GroupBox Text="xiefang_detail" Name="GBxiefang_detail" id="xiefang_detail" Size="100,100"><Ctrls>
<xi:include xmlns:xi="http://www.w3.org/2001/XInclude" href="xiefang_detail_GBDEDIT.xml"></xi:include><BR AutoHeight="1"/><xi:include xmlns:xi="http://www.w3.org/2001/XInclude" href="xiefang_detail_GBOPE.xml"></xi:include>
<TAB/><xi:include xmlns:xi="http://www.w3.org/2001/XInclude" href="xiefang_detail_GBOPV.xml"></xi:include>
<BR/><xi:include xmlns:xi="http://www.w3.org/2001/XInclude" href="xiefang_detail_GBDV.xml"></xi:include></Ctrls></GroupBox>
</Ctrls>
	<OnChanged/>
	<OnActivate/>
	</WndTap>