﻿<GroupBox cols="xs12 sm6 md4" Name="GBOPExiefang_detail" Size="100,100"><Ctrls>
<Button sqlpkinsert="xiefang_detailid" Text="create" ToolTip="ttp_createxiefang_detail" Name="insertxiefang_detail" Size="50,20">
<OnClick>
<DbDetails mode="insert" fcsm="1">
<DbTable>his.xiefang_detail</DbTable>
<Required>%{dataRequired}</Required>
<Requireless>%{dataRequireless}</Requireless>
<Data>medicineid[medicineid],medicinenopy,medicinenocn,medicine_pweight,medicineno,xiefangid</Data>
<DataEx/>
<queryFormat>insert into %{table} %{data}</queryFormat></DbDetails>
<submit namelist="DbDetails"/><if cond="!%{insertxiefang_detail[broke]}"><if cond="%{refreshAfterEdit}==1"><submit next="xiefang_detailLst" delay="1000"/><elseif cond="%{refreshAfterEdit}==2"/><if cond="1"><if cond="'%{frmwndctrl}'"><submit next="%{frmwndctrl}" delay="1000"/><else/><submit next="$parent.xiefang_detail_vLst" delay="1000"/></if></if></if></if>
	</OnClick>
	</Button><TAB/>
<Button Text="modify" ToolTip="ttp_modifyxiefang_detail" Name="modifyxiefang_detail" Size="50,20">
<OnClick>
<DbDetails mode="update" fcsm="1">
<DbTable>his.xiefang_detail</DbTable>
<Required>%{dataRequired}</Required>
<Requireless>%{dataRequireless}</Requireless>
<Data>medicineid[medicineid],medicinenopy,medicinenocn,medicine_pweight,medicineno</Data>
<DataEx/>
<Where>xiefang_detailid='%{xiefang_detailid}'</Where>
<queryFormat>update %{table} set %{data} where %{where}</queryFormat></DbDetails>
<submit namelist="DbDetails"/><if cond="!%{modifyxiefang_detail[broke]}"><if cond="%{refreshAfterEdit}==1"><submit next="xiefang_detailLst" delay="1000"/><elseif cond="%{refreshAfterEdit}==2"/><if cond="'%{frmwndctrl}'"><submit next="%{frmwndctrl}" delay="1000"/><else/><submit next="$parent.xiefang_detail_vLst" delay="1000"/></if></if></if>
	</OnClick>
</Button><TAB/>
<Button Text="reset" ToolTip="ttp_resetxiefang_detail" Name="resetxiefang_detail" Size="50,20">
<OnClick>
<submit next="GBDEDITxiefang_detail" function="reset"/>
	</OnClick>
</Button><TAB/>
<Button Text="Search" ToolTip="ttp_gsearchxiefang_detail" Name="gsearchxiefang_detail" Size="50,20" visible="false">
<OnClick>
<search next="xiefang_detailLst" listed="0" prefixwhere="0" prefixand="0" inputed="1"/><submit next="GBDEDITxiefang_detail" namelist="search" function="search"/>
	</OnClick>
</Button><TAB/>
</Ctrls></GroupBox>