﻿<WndTap Name="xiefang_t_v" Text="xiefang_t_v">
<WndTaps>
<xi:include xmlns:xi="http://www.w3.org/2001/XInclude" href="xiefang_t_Ve.xml" popup="1"/>
<xi:include xmlns:xi="http://www.w3.org/2001/XInclude" href="xiefang_detail_Ve.xml" popup="1"/>
<xi:include xmlns:xi="http://www.w3.org/2001/XInclude" href="medicine_info_pick.xml" popup="1"/>
</WndTaps>
<var name="searchtmpl"><xiefang_no format="(x.xiefang_no like '%%{opvalue}%')"/><xiefang_name format="(x.xiefang_name like '%%{opvalue}%')"/><xiefang_forill format="(x.xiefang_forill like '%%{opvalue}%')"/><xiefang_jianyiji format="(x.xiefang_jianyiji like '%%{opvalue}%')"/><xiefang_chuchu format="(x.xiefang_chuchu like '%%{opvalue}%')"/><huanzhe_fallill_time format="(x.huanzhe_fallill_time between '%{huanzhe_fallill_time[datetime]}' and '%{huanzhe_fallill_time[datetime2]}')"/><opera format="x.opera='%{opvalue}'"/><status format="(x.status like '%%{opvalue}%')"/><deltime format="(x.deltime between '%{deltime[datetime]}' and '%{deltime[datetime2]}')"/><delemp format="(x.delemp like '%%{opvalue}%')"/><xiefangid format="(x.xiefangid like '%%{opvalue}%')"/></var>
<xi:include xmlns:xi="http://www.w3.org/2001/XInclude" href="lan\xiefang_t.xml"/>
<Ctrls><GroupBox  Name="GBxiefang_t" id="xiefang_t" Text="xiefang_t" Size="100,100"><Ctrls>
<xi:include xmlns:xi="http://www.w3.org/2001/XInclude" href="xiefang_t_Vs.xml"/>
<BR AutoHeight="1"/><GroupBox  Name="GBOPVxiefang_t" Size="100,20" cols="xs12 sm6 md4"><Ctrls>
<Button Text="addone" ToolTip="ttp_addone" Name="addone" Size="50,20">	<OnClick><submit next="$this.xiefang_t.GBDEDITxiefang_t" function="reset"/><assign name="$this.xiefang_t.frmwndctrl" expr="%{$this.xiefang_t_vLst}"/></OnClick>	</Button><TAB/>	
<Button Text="reset" ToolTip="ttp_resetxiefang_t" Name="resetxiefang_t" Size="50,20">	<OnClick>	<submit next="GBDEDITxiefang_t" function="reset"/>	</OnClick>	</Button><TAB/>	
<Button Text="Search" ToolTip="ttp_gsearchxiefang_t" Name="gsearchxiefang_t" Size="50,20">	<OnClick>	
<search next="xiefang_t_vLst" listed="0" prefixwhere="1" prefixand="0" inputed="1">%{searchtmpl}</search><submit next="GBDEDITxiefang_t" namelist="search" function="search"/>	
<search next="records_xiefang_t" listed="0" prefixwhere="1" prefixand="0"  inputed="1">%{searchtmpl}</search><submit next="GBDEDITxiefang_t" namelist="search" function="search"/>	
</OnClick></Button><TAB/></Ctrls></GroupBox>
<xi:include xmlns:xi="http://www.w3.org/2001/XInclude" href="xiefang_t_Vpg.xml"/>
<xi:include xmlns:xi="http://www.w3.org/2001/XInclude" href="xiefang_t_Vpgop.xml"/>
<BR AutoHeight="1"/><xi:include xmlns:xi="http://www.w3.org/2001/XInclude" href="xiefang_t_Vv.xml"/>
</Ctrls></GroupBox>
</Ctrls></WndTap>
