﻿<GroupBox cols="xs12 sm6 md4" Name="GBOPExiefang_t" Size="100,100"><Ctrls>
<Button sqlpkinsert="xiefangid" Text="create" ToolTip="ttp_createxiefang_t" Name="insertxiefang_t" Size="50,20">
<OnClick>
<DbDetails mode="insert" fcsm="1">
<DbTable>his.xiefang_t</DbTable>
<Required>%{dataRequired}</Required>
<Requireless>%{dataRequireless}</Requireless>
<Data>xiefang_no,xiefang_name,dept_category[dept_categoryid],medication_type[statuscode],xiefang_forill,xiefang_jianyiji,xiefang_chuchu,huanzhe_fallill_time</Data>
<DataEx>opera;'%{operaid}'</DataEx>
<queryFormat>insert into %{table} %{data}</queryFormat></DbDetails>
<submit namelist="DbDetails"/><if cond="!%{insertxiefang_t[broke]}"><if cond="%{refreshAfterEdit}==1"><submit next="xiefang_tLst" delay="1000"/><elseif cond="%{refreshAfterEdit}==2"/><if cond="0"><if cond="'%{frmwndctrl}'"><submit next="%{frmwndctrl}" delay="1000"/><else/><submit next="$parent.xiefang_t_vLst" delay="1000"/></if></if></if></if>
	</OnClick>
	</Button><TAB/>
<Button Text="modify" ToolTip="ttp_modifyxiefang_t" Name="modifyxiefang_t" Size="50,20">
<OnClick>
<DbDetails mode="update" fcsm="1">
<DbTable>his.xiefang_t</DbTable>
<Required>%{dataRequired}</Required>
<Requireless>%{dataRequireless}</Requireless>
<Data>xiefang_no,xiefang_name,dept_category[dept_categoryid],medication_type[statuscode],xiefang_forill,xiefang_jianyiji,xiefang_chuchu,huanzhe_fallill_time</Data>
<DataEx>opera;'%{operaid}'</DataEx>
<Where>xiefangid='%{xiefangid}'</Where>
<queryFormat>update %{table} set %{data} where %{where}</queryFormat></DbDetails>
<submit namelist="DbDetails"/><if cond="!%{modifyxiefang_t[broke]}"><if cond="%{refreshAfterEdit}==1"><submit next="xiefang_tLst" delay="1000"/><elseif cond="%{refreshAfterEdit}==2"/><if cond="'%{frmwndctrl}'"><submit next="%{frmwndctrl}" delay="1000"/><else/><submit next="$parent.xiefang_t_vLst" delay="1000"/></if></if></if>
	</OnClick>
</Button><TAB/>
<Button Text="reset" ToolTip="ttp_resetxiefang_t" Name="resetxiefang_t" Size="50,20">
<OnClick>
<submit next="GBDEDITxiefang_t" function="reset"/>
	</OnClick>
</Button><TAB/>
<Button Text="Search" ToolTip="ttp_gsearchxiefang_t" Name="gsearchxiefang_t" Size="50,20" visible="false">
<OnClick>
<search next="xiefang_tLst" listed="0" prefixwhere="0" prefixand="0" inputed="1"/><submit next="GBDEDITxiefang_t" namelist="search" function="search"/>
	</OnClick>
</Button><TAB/>
</Ctrls></GroupBox>