﻿<WndTap Name="xiefang_detail_v" Text="xiefang_detail_v">
<WndTaps>
<xi:include xmlns:xi="http://www.w3.org/2001/XInclude" href="xiefang_detail_Ve.xml" popup="1"/>
</WndTaps>
<var name="searchtmpl"><medicineid format="x.medicineid='%{opvalue}'"/><medicinenopy format="(x.medicinenopy like '%%{opvalue}%')"/><medicinenocn format="(x.medicinenocn like '%%{opvalue}%')"/><medicine_pweight format="(x.medicine_pweight like '%%{opvalue}%')"/><medicineno format="(x.medicineno like '%%{opvalue}%')"/><delemp format="(x.delemp like '%%{opvalue}%')"/><deltime format="(x.deltime between '%{deltime[datetime]}' and '%{deltime[datetime2]}')"/><xiefangid format="(x.xiefangid like '%%{opvalue}%')"/><xiefang_detailid format="(x.xiefang_detailid like '%%{opvalue}%')"/></var>
<xi:include xmlns:xi="http://www.w3.org/2001/XInclude" href="lan\xiefang_detail.xml"/>
<Ctrls><GroupBox  Name="GBxiefang_detail" id="xiefang_detail" Text="xiefang_detail" Size="100,100"><Ctrls>
<xi:include xmlns:xi="http://www.w3.org/2001/XInclude" href="xiefang_detail_Vs.xml"/>
<BR AutoHeight="1"/><GroupBox  Name="GBOPVxiefang_detail" Size="100,20" cols="xs12 sm6 md4"><Ctrls>
<Button Text="addone" ToolTip="ttp_addone" Name="addone" Size="50,20">	<OnClick><submit next="$this.xiefang_detail.GBDEDITxiefang_detail" function="reset"/><assign name="$this.xiefang_detail.frmwndctrl" expr="%{$this.xiefang_detail_vLst}"/></OnClick>	</Button><TAB/>	
<Button Text="reset" ToolTip="ttp_resetxiefang_detail" Name="resetxiefang_detail" Size="50,20">	<OnClick>	<submit next="GBDEDITxiefang_detail" function="reset"/>	</OnClick>	</Button><TAB/>	
<Button Text="Search" ToolTip="ttp_gsearchxiefang_detail" Name="gsearchxiefang_detail" Size="50,20">	<OnClick>	
<search next="xiefang_detail_vLst" listed="0" prefixwhere="0" prefixand="0" inputed="1">%{searchtmpl}</search><submit next="GBDEDITxiefang_detail" namelist="search" function="search"/>	
<search next="records_xiefang_detail" listed="0" prefixwhere="1" prefixand="0"  inputed="1">%{searchtmpl}</search><submit next="GBDEDITxiefang_detail" namelist="search" function="search"/>	
</OnClick></Button><TAB/></Ctrls></GroupBox>
<xi:include xmlns:xi="http://www.w3.org/2001/XInclude" href="xiefang_detail_Vpg.xml"/>
<xi:include xmlns:xi="http://www.w3.org/2001/XInclude" href="xiefang_detail_Vpgop.xml"/>
<BR AutoHeight="1"/><xi:include xmlns:xi="http://www.w3.org/2001/XInclude" href="xiefang_detail_Vv.xml"/>
</Ctrls></GroupBox>
</Ctrls></WndTap>
