<?xml version="1.0" encoding="UTF-8"?><Tables><Table name="bottle_info_ops"><Inputs><Attr>uses_flag</Attr><Value op="1" id="3">100</Value><Value op="1" id="4">101</Value><Value op="1" id="5,6">106|107</Value><Value/></Inputs><Inputs><Attr>roleid</Attr><Value/><Value/><Value/><Value/></Inputs><Outputs><Attr>title</Attr><Value op="1" id="7">modify;instock</Value><Value op="1" id="8">upcabinet</Value><Value op="1" id="9">backstock</Value><Value/></Outputs><Outputs><Attr>disabled</Attr><Value op="1" id="10">false</Value><Value op="1" id="10">false</Value><Value op="1" id="10">false</Value><Value op="1" id="10">false</Value></Outputs></Table></Tables>