<?xml version="1.0" encoding="UTF-8"?><Tables><Table name="medication_ops"><Inputs><Attr>status</Attr><Value op="1" id="3,4">200|201</Value><Value op="64" id="5">204,207</Value><Value op="1" id="3,4">200|201</Value><Value op="64" id="5">204,207</Value><Value/></Inputs><Inputs><Attr>layid</Attr><Value op="1" id="6">3</Value><Value op="1" id="7">2</Value><Value op="1" id="8">1</Value><Value op="1" id="8">1</Value><Value/></Inputs><Outputs><Attr>title</Attr><Value op="1" id="9">delete;modify;check</Value><Value op="1" id="10">issue;</Value><Value op="1" id="11">delete;modify;issue;check</Value><Value op="1" id="10">issue;</Value><Value op="1" id="12">check;</Value></Outputs><Outputs><Attr>disabled</Attr><Value op="1" id="13">false</Value><Value op="1" id="13">false</Value><Value op="1" id="13">false</Value><Value op="1" id="13">false</Value><Value op="1" id="13">false</Value></Outputs></Table></Tables>